S&atilde;o Paulo | Todos os Munic&iacute;pios
Munic&iacute;pio [-],C&oacute;digo [-],Gent&iacute;lico [-],Prefeito [2021],&Aacute;rea Territorial - km&sup2; [2021],Popula&ccedil;&atilde;o estimada - pessoas [2021],Densidade demogr&aacute;fica - hab/km&sup2; [2010],Escolariza&ccedil;&atilde;o &lt;span&gt;6 a 14 anos&lt;/span&gt; - % [2010],IDHM &lt;span&gt;&Iacute;ndice de desenvolvimento humano municipal&lt;/span&gt; [2010],Mortalidade infantil - &oacute;bitos por mil nascidos vivos [2020],Receitas realizadas - R$ (&times;1000) [2017],Despesas empenhadas - R$ (&times;1000) [2017],PIB per capita - R$ [2019],
Adamantina,3500105,adamantinense,MARCIO CARDIM,411.987,35153,82.15,97.6,0.790,2.61,160718.67925,137083.66993,32400.51,
Adolfo,3500204,adolfino,IZAEL ANTONIO FERNANDES,211.055,3545,16.85,98.6,0.730,-,27333.74731,20103.87713,31265.58,
Agua&iacute;,3500303,aguaiano,JOS&Eacute; ALEXANDRE PEREIRA DE ARA&Uacute;JO,474.554,36981,67.72,95.8,0.715,10.44,84094.76006,72168.73408,28249.47,
&Aacute;guas da Prata,3500402,pratense,REGINA HELENA JANIZELO MORAES,142.673,8262,53.05,98.8,0.781,-,29390.24814,24363.40149,20835.97,
&Aacute;guas de Lind&oacute;ia,3500501,lindoiense,GILBERTO ABDOU HELOU,60.126,18908,287.16,96.2,0.745,4.02,86949.22213,75201.47793,28385.89,
&Aacute;guas de Santa B&aacute;rbara,3500550,santa-barbarense,AROLDO JOSE CAETANO,404.463,6142,13.83,98.2,0.757,13.89,34484.19534,28471.94804,28759.37,
&Aacute;guas de S&atilde;o Pedro,3500600,&aacute;gua-pedrense,JO&Atilde;O VICTOR BARBOZA,3.612,3588,488.89,98.4,0.854,-,25157.75668,22709.99284,42279.55,
Agudos,3500709,agudense,FERNANDO OCTAVIANI,966.708,37582,35.73,97.9,0.745,20.37,159980.62054,143417.68289,61650.21,
Alambari,3500758,alambariense,JO&Atilde;O PAULO DANTAS PINTO,159.600,6231,30.66,99.3,0.712,-,23710.99557,21839.01214,17145.55,
Alfredo Marcondes,3500808,marcondense,CELSO PIRANI PASSOS,118.915,4201,32.86,98.6,0.741,25,16478.9668,15111.97897,20861.37,
Altair,3500907,altairense,MARCO ANTONIO FERREIRA,313.007,4211,12.16,96,0.687,-,22318.94651,19410.76045,21796.89,
Altin&oacute;polis,3501004,altinopolense,JOS&Eacute; ROBERTO FERRACIN MARQUES,928.956,16221,16.80,99.3,0.730,18.29,72144.19151,55436.05472,33073.73,
Alto Alegre,3501103,alto-alegrense,CARLOS SUSSUMI IVAMA,318.574,4078,12.86,95.1,0.700,27.03,20846.4169,18236.22271,29423.18,
Alum&iacute;nio,3501152,aluminense,ANTONIO PIASSENTINI,83.619,18903,201.28,98.8,0.766,14.93,75397.42207,72572.58372,115258.20,
&Aacute;lvares Florence,3501202,alvares florencense,ADILSON BATISTA LEITE,362.411,3616,10.74,99.3,0.728,-,20470.81479,18241.10731,27525.23,
&Aacute;lvares Machado,3501301,machadense,ROGER FERNANDES GASQUES,347.647,25078,67.69,98.3,0.758,9.4,62881.3731,60296.9844,20521.18,
&Aacute;lvaro de Carvalho,3501400,carvalhense,ADILSON DE OLIVEIRA LOPES,153.662,5320,30.36,99.2,0.688,-,17943.08204,16441.13972,9698.65,
Alvinl&acirc;ndia,3501509,alvinlandense,ABIGAIL CATELI DIAS,84.879,3251,35.38,99.3,0.722,-,15306.4017,12940.54398,15723.04,
Americana,3501608,americanense,FRANCISCO ANTONIO SARDELLI,133.912,244370,1572.75,98,0.811,6.6,774032.5912,709743.8111,49876.81,
Am&eacute;rico Brasiliense,3501707,am&eacute;rico-brasiliense,DIRCEU BRAS PANO,122.958,41545,280.91,98.6,0.751,9.66,99791.19948,100799.16438,20947.93,
Am&eacute;rico de Campos,3501806,americampense,CARLOS ROBERTO ACHILLES,252.876,5993,22.54,98.2,0.745,-,23218.51517,21406.83023,17089.52,
Amparo,3501905,amparense,CARLOS ALBERTO MARTINS,445.323,73145,147.75,95.7,0.785,9.03,262299.66169,240727.95422,58791.02,
Anal&acirc;ndia,3502002,analandense,PAULO HENRIQUE FRANCESCHINI,325.953,5115,13.18,99.7,0.754,-,31224.86385,30967.5513,35504.77,
Andradina,3502101,andradinense,MARIO CELSO LOPES,964.226,57245,57.39,98.2,0.779,6.24,166955.27105,147353.21707,35989.67,
Angatuba,3502200,angatubense,LUIZ ANTONIO MACHADO,1027.288,25724,21.61,98.3,0.719,15.82,82865.40739,67670.71997,39905.39,
Anhembi,3502309,anhembiense,MIGUEL VIEIRA MACHADO NETO,736.557,6911,7.67,97.2,0.721,-,31346.97388,29907.98478,22001.85,
Anhumas,3502408,anhumense,ADAILTON CESAR MENOSSI,320.840,4172,11.66,98.3,0.741,-,19928.85581,17614.83672,18131.98,
Aparecida,3502507,aparecidense,LUIZ CARLOS DE SIQUEIRA,120.890,36211,289.13,98.4,0.755,14.2,111612.76459,98271.14272,31641.35,
Aparecida d'Oeste,3502606,aparecidense,IZAIAS APARECIDO SANCHEZ,179.004,4122,24.86,97.7,0.721,29.41,19560.67564,17744.29241,24144.90,
Apia&iacute;,3502705,apiaiense,LUCIANO POLACZEK NETO,974.322,24081,25.85,97.3,0.710,2.75,71090.28962,65066.6608,24660.33,
Ara&ccedil;ariguama,3502754,ara&ccedil;ariguamense,RODRIGO DE ANDRADE,145.204,23343,117.63,98.2,0.704,14.97,109901.4892,98903.72356,153904.22,
Ara&ccedil;atuba,3502804,ara&ccedil;atubense,DILADOR BORGES DAMASCENO,1167.126,199210,155.54,97.6,0.788,11.82,524096.05565,489799.65507,39630.87,
Ara&ccedil;oiaba da Serra,3502903,ara&ccedil;oiabano,JOSE CARLOS DE QUEVEDO JUNIOR,255.305,35389,106.88,99.4,0.776,2.83,137563.59258,82577.97635,24299.70,
Aramina,3503000,araminense,MARIA MADALENA DA SILVA,202.829,5689,25.39,98.7,0.740,-,23826.00133,21844.4276,26353.62,
Arandu,3503109,aranduense,FLAVIO CARLOMAGNO GALHEGO,285.908,6373,21.42,98.4,0.685,-,30445.16322,30414.49906,21922.21,
Arape&iacute;,3503158,arapeiense,REN&Ecirc; L&Uacute;CIO GON&Ccedil;ALVES,156.903,2452,15.89,98.7,0.680,-,15297.20594,12647.83575,13771.25,
Araraquara,3503208,araraquarense,EDSON ANT&Ocirc;NIO EDINHO DA SILVA,1003.625,240542,207.90,98.7,0.815,8.91,813194.67742,797613.15061,42474.25,
Araras,3503307,ararense,PEDRO ELISEU FILHO,644.831,136739,184.30,97.5,0.781,8.01,543415.814,472762.51826,44204.85,
Arco-&Iacute;ris,3503356,arcoirense,ALDO MANSANO FERNANDES,264.904,1755,7.27,99.1,0.722,-,14876.26005,12391.60573,23629.74,
Arealva,3503406,arealvense,ELSON BANUTH BARRETO,506.226,8665,15.53,99.6,0.744,18.18,28042.66791,23704.69254,25106.13,
Areias,3503505,areiense,PAULO HENRIQUE DE SOUZA COUTINHO,305.227,3906,12.11,96.8,0.697,-,17339.9579,15918.97697,11917.32,
Arei&oacute;polis,3503604,areiopolitano,ANTONIO MARCOS DOS SANTOS,85.907,11186,123.35,97.3,0.695,7.75,31683.03985,27659.50588,12748.13,
Ariranha,3503703,ariranhense,JOAMIR ROBERTO BARBOZA,132.624,9851,64.19,99.6,0.733,16.67,46471.2831,39791.84863,76951.40,
Artur Nogueira,3503802,nogueirense,LUCAS SIA RISSATO,178.026,56247,248.15,98.3,0.749,10.22,151691.3716,141937.105,23354.82,
Aruj&aacute;,3503901,arujaense,LUIS ANTONIO DE CAMARGO,96.167,92453,779.33,98.2,0.784,16.14,285278.24609,247386.93664,72172.65,
Asp&aacute;sia,3503950,aspasiense,IVAN DE PAULA,69.373,1815,26.09,97.1,0.735,-,15746.94939,13472.52382,18279.34,
Assis,3504008,assisense,JOS&Eacute; APARECIDO FERNANDES,460.609,105768,206.70,98.9,0.805,10.15,354752.02841,288566.58779,33929.37,
Atibaia,3504107,atibaiano,EMIL ONO,478.521,145378,264.57,97.3,0.765,6.62,489342.76239,465279.38024,48596.67,
Auriflama,3504206,auriflamense,KATIA CONCEI&Ccedil;&Atilde;O MORITA DE CARVALHO,434.498,15316,32.72,98.8,0.773,-,43953.08385,39070.89907,20446.54,
Ava&iacute;,3504305,avaiense,HELLEN FERNANDES RODRIGUES COELHO,540.689,5467,9.18,99.4,0.714,-,20941.63736,18277.667,54472.96,
Avanhandava,3504404,avanhandavense,CIRO AUGUSTO MOURA VENERONI,338.370,14063,33.40,97.2,0.705,8,47969.29454,41722.29587,23480.31,
Avar&eacute;,3504503,avareense,JOSELYR BENEDITO COSTA SILVESTRE,1213.055,91792,68.37,97.9,0.767,10.61,312718.50318,278557.38041,30291.15,
Bady Bassitt,3504602,badiense,LUIZ ANTONIO TOBARDINI,110.372,18013,132.32,98.5,0.746,9.17,63869.75059,55030.85403,22216.51,
Balbinos,3504701,balbinense,BENEDITO JACKSON BALANCIERI,91.635,6127,40.40,98.9,0.669,-,15169.28571,14052.14424,9203.78,
B&aacute;lsamo,3504800,balsamense,CARLOS EDUARDO CARMONA LOUREN&Ccedil;O,149.881,9209,54.18,99,0.756,10.75,24569.88605,22761.47872,23847.85,
Bananal,3504909,bananalense,WILLIAM LANDIM DA SILVA,616.429,11039,16.58,97.1,0.733,-,34246.83743,32137.75366,16613.77,
Bar&atilde;o de Antonina,3505005,bar&atilde;oense,RODRIGO WALDEMAR MARQUES,153.142,3525,20.35,100,0.711,21.28,16391.90513,14126.96188,17833.37,
Barbosa,3505104,barbosano,RODRIGO PRIMO ANTUNES,205.212,7532,32.14,98.4,0.699,15.63,23186.35882,20061.11119,15383.22,
Bariri,3505203,baririense,ABELARDO MAURICIO MARTINS SIMOES FILHO,444.405,35844,71.14,96.3,0.750,5.36,103011.58401,92915.84917,33006.92,
Barra Bonita,3505302,barra-bonitense,JOSE LUIS RICI,150.121,36125,235.12,99.8,0.788,10.31,115636.20768,103440.0716,31534.03,
Barra do Chap&eacute;u,3505351,barrense,IVANIL NORBERTO PEREIRA NOLASCO,405.681,5794,12.93,96.9,0.660,-,15358.93517,16455.13088,18993.39,
Barra do Turvo,3505401,barra-turvense,JEFFERSON LUIZ MARTINS,1007.684,7606,7.67,95.6,0.641,-,35549.80915,32005.27199,12681.92,
Barretos,3505500,barretense,PAULA OLIVEIRA LEMOS,1566.161,123546,71.60,97.8,0.789,14.57,526127.69013,543578.56644,39577.48,
Barrinha,3505609,barrinhense,JOSE MARCOS MARTINS,146.025,33537,195.66,97.5,0.725,11.14,81349.19113,72594.76774,15258.36,
Barueri,3505708,barueriense,RUBENS FURLAN,65.701,279704,3665.21,97.8,0.786,7.47,2741826.70456,2450130.78723,192647.61,
Bastos,3505807,bastense,MANOEL IRONIDES ROSA,170.912,20952,118.95,98.5,0.751,7.81,59380.25797,50419.74043,51230.47,
Batatais,3505906,batataense,LUIS FERNANDO BENEDINI GASPAR JUNIOR,849.526,63438,66.48,97.7,0.761,8.28,174113.85633,157203.01525,27051.01,
Bauru,3506003,bauruense,SUELLEN SILVA ROSIM,667.684,381706,515.12,96.9,0.801,12.09,1302951.88209,1172323.48483,40668.42,
Bebedouro,3506102,bebedourense,LUCAS GIBIN SEREN,683.192,77612,109.81,98.5,0.780,7.66,270495.37636,262944.13955,42748.59,
Bento de Abreu,3506201,bento-abreuense,JOS&Eacute; LUIZ MAREGA,301.687,3028,8.87,97.9,0.744,-,18357.07305,16170.83182,40570.27,
Bernardino de Campos,3506300,bernardinense,WILSON JOSE GARCIA,244.158,11168,44.12,98.3,0.734,10.31,32647.22923,29495.33563,24143.66,
Bertioga,3506359,bertioguense,CAIO ARIAS MATHEUS,491.546,66154,97.21,98.1,0.730,15.71,429374.28458,349538.46811,28923.67,
Bilac,3506409,bilaquense,VITOR OSMAR BOTINI,158.025,8197,44.63,99,0.768,-,29925.48339,25293.08059,26088.06,
Birigui,3506508,biriguiense,LEANDRO MAFFEIS MILANI,530.031,126094,204.79,98,0.780,10.25,363952.17165,350718.05117,27930.66,
Biritiba Mirim,3506607,biritibano,CARLOS ALBERTO TAINO JUNIOR,317.406,33265,90.03,97.7,0.712,20.29,78762.9826,64012.43166,23273.12,
Boa Esperan&ccedil;a do Sul,3506706,boa-esperancense,JOS&Eacute; MANOEL DE SOUZA,690.748,15111,19.75,96,0.681,-,51604.80184,40190.62552,21523.19,
Bocaina,3506805,bocainense,MARCO ANTONIO GIRO,363.926,12571,29.84,99.3,0.742,7.94,37931.81899,37442.81588,18530.95,
Bofete,3506904,bofetense,CLAUDECIO JOSE EBURNEO,653.541,12107,14.72,95.1,0.705,-,38598.94168,32955.07294,15488.12,
Boituva,3507001,boituvense,EDSON JOS&Eacute; MARCUSSO,248.954,63310,194.07,98.7,0.780,6.56,198057.02674,190516.18094,48245.53,
Bom Jesus dos Perd&otilde;es,3507100,perdoense,BENEDITO RODRIGUES DA SILVA FILHO,108.366,26506,181.87,97.7,0.713,26.79,82258.02662,67840.87637,35640.89,
Bom Sucesso de Itarar&eacute;,3507159,bom sucessiense,VANDERLEIA APARECIDA DOS SANTOS SOUZA,133.578,4013,26.73,98.3,0.660,15.63,16854.96935,14893.40022,14930.62,
Bor&aacute;,3507209,boraense,LUIZ CARLOS RODRIGUES,118.951,839,6.80,94.6,0.746,-,12701.99598,9773.39024,50487.32,
Borac&eacute;ia,3507308,boraceense,VALDIR DE SOUZA MELO,122.110,4913,34.95,99.3,0.754,-,24639.33308,22244.8319,80058.81,
Borborema,3507407,borboremense,VLADIMIR ANTONIO ADABO,552.256,16278,26.31,98.3,0.730,7.35,47433.25277,41630.90222,25499.23,
Borebi,3507456,borebiense,ANDERSON PINHEIRO DE GOES,347.989,2713,6.59,99.5,0.705,24.39,18631.30925,15685.80692,21916.10,
Botucatu,3507506,botucatuense,M&Aacute;RIO EDUARDO PARDINI AFFONSECA,1482.642,149718,85.88,97.8,0.800,10.94,401443.76209,348097.99717,35049.84,
Bragan&ccedil;a Paulista,3507605,bragantino,JESUS ADIB ABI CHEDID,512.584,172346,286.26,97,0.776,8.33,474355.06722,419569.18644,38406.56,
Bra&uacute;na,3507704,braunense,HEITOR VERDU,195.176,5795,25.70,98.6,0.737,16.67,20303.16854,17049.80737,17214.99,
Brejo Alegre,3507753,brejoalegrense,RAFAEL ALVES DOS SANTOS,105.689,2911,24.41,95.9,0.710,-,20227.97667,17945.73318,18955.80,
Brodowski,3507803,brodosquiano,JOSE LUIZ PEREZ,278.458,25605,75.80,97.5,0.755,17.01,78111.5528,68887.22289,26766.30,
Brotas,3507902,brotense,LEANDRO CORR&Ecirc;A,1101.373,24862,19.59,99.1,0.740,6.78,94406.93639,80495.01377,38228.09,
Buri,3508009,buriense,OMAR YAHYA CHAIN,1196.463,20050,15.52,98.5,0.667,6.43,74241.65561,61416.11714,23241.14,
Buritama,3508108,buritamense,RODRIGO ZACARIAS DOS SANTOS,326.921,17414,47.19,96.7,0.763,11.49,78465.55996,60923.04761,34928.27,
Buritizal,3508207,buritinense,DANIEL SARRETA,266.420,4547,15.21,99.4,0.735,-,26483.07913,22451.55903,38103.35,
Cabr&aacute;lia Paulista,3508306,cabraliense,ODEMIL ORTIZ DE CAMARGO,239.974,4222,18.19,97.5,0.694,-,19157.79667,15972.61734,17384.78,
Cabre&uacute;va,3508405,cabreuvano,ANTONIO CARLOS MANGINI,260.234,51130,159.87,97.3,0.738,6.87,206809.22618,192730.91119,107046.16,
Ca&ccedil;apava,3508504,ca&ccedil;apavense,P&Eacute;TALA GON&Ccedil;ALVES LACERDA,368.990,95752,229.66,98,0.788,5.29,245450.23084,222305.83405,42875.69,
Cachoeira Paulista,3508603,cachoeirense,ANTONIO CARLOS MINEIRO,287.990,33827,104.49,98,0.764,20.64,88016.7067,78329.61452,18545.37,
Caconde,3508702,cacondense,JO&Atilde;O FILIPE MUNIZ BASILLI,468.214,19031,39.44,97.7,0.720,9.3,52754.87491,48676.07968,21186.59,
Cafel&acirc;ndia,3508801,cafelandense,TAIS FERNANDA MAIMONI CONTIERI SANTANA,920.280,17917,18.05,96.7,0.742,17.86,62054.66542,58718.12186,28578.22,
Caiabu,3508900,caiabuense,SUELEN NARA MATOS MATIVE,253.352,4195,16.11,98.9,0.729,20.41,17842.45456,15597.89667,13974.78,
Caieiras,3509007,caieirense,GILMAR SOARES VICENTE,97.642,104044,900.37,94.8,0.781,3.89,290687.07539,237564.95633,38554.90,
Caiu&aacute;,3509106,caiuense,RUTE ALMEIDA DOS SANTOS LIMA,551.159,6017,9.16,99.3,0.697,-,30250.15624,26171.0968,13425.75,
Cajamar,3509205,cajamarense,DANILO BARBOSA MACHADO,131.386,79034,488.18,96.5,0.728,10.61,447553.50022,386498.4297,252959.85,
Cajati,3509254,cajatiense,LUCIVAL JOS&Eacute; CORDEIRO,454.436,28441,62.43,98.4,0.694,9.3,101869.79444,84204.3461,48844.30,
Cajobi,3509304,cajobiense,GUSTAVO SEBASTI&Atilde;O DA COSTA,176.929,10649,55.22,99.7,0.734,10.1,32487.39429,30216.52334,14728.62,
Cajuru,3509403,cajuruense,ALEX MORETINI,660.088,26613,35.41,97.1,0.713,15.72,67029.45859,59784.761,22842.97,
Campina do Monte Alegre,3509452,campinomontealegrense,GIL VICENTE DE OLIVEIRA JUNIOR,184.479,6088,30.09,97.5,0.717,-,22714.434,19475.58047,19346.32,
Campinas,3509502,campineiro,DARIO JORGE GIOLO SAADI,794.571,1223237,1359.60,96,0.805,7.99,4614990.76219,4719975.68304,54710.07,
Campo Limpo Paulista,3509601,campo-limpense,LUIZ ANTONIO BRAZ,79.403,86407,932.92,96.7,0.769,8.76,189590.27143,163427.27489,25363.13,
Campos do Jord&atilde;o,3509700,jordanense,MARCELO PADOVAN,289.981,52713,164.76,97.1,0.749,5.93,196829.83668,180378.79266,25312.30,
Campos Novos Paulista,3509809,campos-novense,FLAVIO FERMINO EUFLAUZINO,484.199,5028,9.38,97.9,0.706,35.09,21740.4125,19664.72806,31173.28,
Canan&eacute;ia,3509908,cananeiense,ROBSON DA SILVA LEONEL,1237.354,12542,9.86,97.3,0.720,28.9,53312.48738,47260.34112,24497.84,
Canas,3509957,canense,SILVANA KOMEIH DA SILVA ZANIN,53.261,5268,82.33,98.3,0.704,27.4,22047.3792,20464.71278,20955.63,
C&acirc;ndido Mota,3510005,c&acirc;ndido-motense,ERALDO JOS&Eacute; PEREIRA,595.811,31410,50.12,98.2,0.747,12.05,119067.47623,91800.50762,40606.45,
C&acirc;ndido Rodrigues,3510104,c&acirc;ndido-rodriguense,FABRICIO ANTONIO RONCOLLI,70.892,2805,37.94,99,0.789,45.45,18557.95683,14177.40555,37940.76,
Canitar,3510153,canitarense,JOEL RODRIGUES,57.459,5365,76.34,96.1,0.680,-,19723.73873,17007.02541,27219.57,
Cap&atilde;o Bonito,3510203,cap&atilde;o-bonitense,JULIO FERNANDO GALV&Atilde;O DIAS,1640.229,47098,28.15,98.7,0.721,6.9,135940.40296,122482.96613,20043.74,
Capela do Alto,3510302,capelense,P&Eacute;RICLES GON&Ccedil;ALVES,169.890,21257,103.20,96.5,0.699,13.79,59751.63173,51831.96495,15014.46,
Capivari,3510401,capivariano,VITOR HUGO RICCOMINI,322.878,56973,150.45,97.3,0.750,4.34,211476.50331,192162.05772,38526.42,
Caraguatatuba,3510500,caraguatatubense,JOS&Eacute; PEREIRA DE AGUILAR J&Uacute;NIOR,484.947,125194,207.88,97.7,0.759,11.27,671648.92887,595360.9078,33193.25,
Carapicu&iacute;ba,3510609,carapicuibano,MARCO AURELIO DOS SANTOS NEVES,34.546,405375,10698.32,96.2,0.749,9.87,480422.90274,416067.26676,15356.09,
Cardoso,3510708,cardosense,JAIR CESAR NATTES,639.248,12371,18.45,96.8,0.722,10.53,46308.23775,40320.40495,20839.72,
Casa Branca,3510807,casa-branquense,MARCO C&Eacute;SAR DE PAIVA AGA,864.225,30655,32.76,96.9,0.730,7.27,97518.96221,92693.25741,29941.77,
C&aacute;ssia dos Coqueiros,3510906,cassiano,EUR&Iacute;PEDES JORGE DA ROCHA FILHO,191.683,2488,13.74,99.5,0.734,-,15898.76893,13737.03125,70523.08,
Castilho,3511003,castilhense,PAULO DUARTE BOAVENTURA,1065.318,21521,16.89,99.1,0.731,5.21,87054.28444,77169.98419,33284.20,
Catanduva,3511102,catanduvense,OSVALDO DE OLIVEIRA ROSA,290.596,123114,388.24,98.1,0.785,9.32,461372.42056,403700.92796,35610.18,
Catigu&aacute;,3511201,catig&uuml;ense,CLAUDEMIR JOSE GRAVA,148.393,7905,48.03,98.4,0.751,-,21266.27659,19437.58657,16925.94,
Cedral,3511300,cedralense,PAULO RICARDO BEOLCHI DE LUCAS,197.838,9452,40.33,98.7,0.766,8.4,37763.92539,30960.82651,40145.71,
Cerqueira C&eacute;sar,3511409,cerqueirense,DIEGO AUGUSTO BERTI CINTO,511.621,20391,34.27,98.2,0.729,4.29,75974.89702,64272.7041,37123.81,
Cerquilho,3511508,cerquilhense,ALDOMIR JOS&Eacute; SANSON,127.803,50631,309.98,99.6,0.782,17.13,165449.81452,138709.53714,39476.07,
Ces&aacute;rio Lange,3511607,cesariano-lange,RONALDO PAIS DE CAMARGO,190.392,18595,81.46,96.3,0.706,8.33,56792.8307,53413.86635,25528.78,
Charqueada,3511706,charqueadense,RODRIGO DE ARRUDA,175.846,17539,85.79,97.9,0.736,22.1,44565.50282,38588.50552,19182.29,
Clementina,3511904,clementinense,NELSON CASULA,168.590,8894,41.85,98,0.725,11.76,28839.28053,25236.84461,18367.51,
Colina,3512001,colinense,DIAB TAHA,422.303,18601,41.11,98.4,0.757,5.24,80672.11148,69472.46161,52217.05,
Col&ocirc;mbia,3512100,colombiense,JULIO CESAR DOS SANTOS,728.648,6223,8.22,99.2,0.710,-,43935.22451,38618.76712,44436.00,
Conchal,3512209,conchalense,LUIZ VANDERLEI MAGNUSSON,182.793,28491,138.02,96.7,0.708,17.59,100960.50997,86413.17651,25437.14,
Conchas,3512308,conchense,JULIO TOMAZELA NETO,466.120,18138,34.95,97.6,0.736,12.12,54724.10202,50645.58986,21280.28,
Cordeir&oacute;polis,3512407,cordeiropolense,JOS&Eacute; ADINAN ORTOLAN,137.579,25116,153.22,96.7,0.758,13.47,142098.6848,121672.31628,127035.44,
Coroados,3512506,coroadense,TEREZINHA APARECIDA CASTILHO VARONI,246.825,6197,21.26,98.3,0.719,16.95,20830.3842,18406.57198,27237.96,
Coronel Macedo,3512605,macedense,JOS&Eacute; ROBERTO SANTINONI VEIGA,303.830,4591,16.45,99.1,0.690,19.61,22729.31678,18982.06845,18563.77,
Corumbata&iacute;,3512704,corumbataiense,LEANDRO MARTINEZ,278.622,4072,13.90,97,0.754,17.54,25285.25506,23448.37991,57695.92,
Cosm&oacute;polis,3512803,cosmopolense,ANTONIO CLAUDIO FELISBINO JUNIOR,154.665,74662,380.37,98,0.769,1.56,171948.44395,148441.59284,23981.18,
Cosmorama,3512902,cosmoramense,LUIS FERNANDO GON&Ccedil;ALVES,441.680,7289,16.33,97.9,0.722,-,30778.34102,25647.12509,47120.51,
Cotia,3513009,cotiano,ROG&Eacute;RIO CARDOSO FRANCO,323.994,257882,620.81,97.5,0.780,7.04,795242.86637,720866.57794,53632.41,
Cravinhos,3513108,cravinhense,ITAMAR GOMES BUENO,311.423,35858,101.77,98.1,0.756,7.58,131080.58595,111134.667,34842.44,
Cristais Paulista,3513207,cristalense,KATIUSCIA DE PAULA LEONARDO MENDES,385.230,8803,19.70,98.2,0.734,9.62,29472.10652,25481.63482,23226.33,
Cruz&aacute;lia,3513306,cruzaliense,ARILDO OSMAR DE MORO,149.330,2021,15.26,97.8,0.774,45.45,16229.07926,14631.8345,50074.55,
Cruzeiro,3513405,cruzeirense,THALES GABRIEL FONSECA,305.699,82895,252.01,97.6,0.788,7.98,187068.03289,170760.32137,28945.24,
Cubat&atilde;o,3513504,cubatense,ADEMARIO DA SILVA OLIVEIRA,142.879,132521,830.91,98,0.737,10,1181573.22046,985154.1083,115116.84,
Cunha,3513603,cunhense,JOS&Eacute; &Eacute;DER GALDINO DA COSTA,1407.250,21373,15.54,98,0.684,4.33,55363.08474,51329.50024,12293.97,
Descalvado,3513702,descalvadense,ANTONIO CARLOS RESCHINI,753.706,34097,41.20,98.6,0.760,2.86,112355.68803,92575.65685,46295.11,
Diadema,3513801,diademense,JOS&Eacute; DE FILIPPI J&Uacute;NIOR,30.732,429550,12536.99,96.8,0.757,9.37,1243622.6929,1212704.15444,36097.90,
Dirce Reis,3513850,dircense,JO&Atilde;O CARLOS RAINHO,88.133,1805,19.12,100,0.741,-,15516.84756,12939.80784,25213.89,
Divinol&acirc;ndia,3513900,divinolandense,ANTONIO DE PADUA AQUISTI,223.749,11027,50.46,98.6,0.734,-,41501.13217,31180.57134,27838.93,
Dobrada,3514007,dobradense,ANTONIO CARLOS DE MATTOS SANTOS,149.729,9088,53.02,99.5,0.718,9.71,22281.17032,18909.98197,12515.52,
Dois C&oacute;rregos,3514106,dois-correguense,RUY DIOMEDES FAVARO,632.972,27704,39.12,96.7,0.725,3.51,79488.72696,69736.72159,24727.35,
Dolcin&oacute;polis,3514205,dolcinopolense,AMERICO RIBEIRO DO NASCIMENTO,77.939,2108,26.76,100,0.742,-,13251.7967,9814.63877,22385.72,
Dourado,3514304,douradense,GINO JOSE TORREZAN,205.874,8883,41.82,100,0.738,26.67,32243.42162,27453.7845,56946.34,
Dracena,3514403,dracenense,ANDR&Eacute; KOZAN LEMOS,487.688,47287,88.64,98.2,0.776,6.37,119375.78421,109360.69292,27573.28,
Duartina,3514502,duartinense,ADERALDO PEREIRA DE SOUZA JUNIOR,264.557,12421,46.31,98.3,0.748,15.87,42598.5894,34796.01249,19091.79,
Dumont,3514601,dumonense,ALAN FRANCISCO FERRACINI,111.376,10174,73.13,97.6,0.744,9.01,29559.19567,25846.89081,19740.38,
Echapor&atilde;,3514700,echaporense,LUIS GUSTAVO EVANGELISTA,515.258,6026,12.26,98.8,0.745,23.53,25858.75298,21629.41985,20263.36,
Eldorado,3514809,eldoradense,DINOEL PEDROSO ROCHA,1654.256,15592,8.85,97.3,0.691,20.94,45711.82871,39754.67225,19766.99,
Elias Fausto,3514908,elias-faustense,MAURICIO BARONI BERNARDINETTI,202.360,18095,77.83,97.3,0.695,-,56795.78942,52155.79784,40503.17,
Elisi&aacute;rio,3514924,elisiarense,CASSIO ROBERTO BERTELLI,93.980,3742,33.20,98.6,0.747,-,17787.07463,15070.41166,17830.65,
Emba&uacute;ba,3514957,embaubense,NERCILIO PINHEIRO DA SILVA,83.129,2446,29.15,100,0.730,-,17245.91596,14037.84829,21912.80,
Embu das Artes,3515004,embuense,CLAUDINEI ALVES DOS SANTOS,70.398,279264,3412.89,96.8,0.735,8.92,619272.82744,559806.58715,53798.98,
Embu-Gua&ccedil;u,3515103,embu-gua&ccedil;uense,JOSE ANTONIO PEREIRA,155.641,70402,403.32,97.1,0.749,8.28,146776.5067,127155.69309,17452.19,
Emilian&oacute;polis,3515129,emilian&oacute;polense,JO&Atilde;O BATISTA AMARAL,225.167,3238,13.45,97.3,0.727,31.25,16099.47556,13958.66666,19039.28,
Engenheiro Coelho,3515152,engenheiro coelhense,ZEEDIVALDO ALVES DE MIRANDA,109.941,21712,142.99,98.5,0.732,18.05,54941.01639,50224.9802,25567.45,
Esp&iacute;rito Santo do Pinhal,3515186,pinhalense,CRISTINA DO CARMO BRAND&Atilde;O BUENO DOMINGUES,389.235,44607,107.61,97.9,0.787,6.91,109535.81675,98304.15753,34559.78,
Esp&iacute;rito Santo do Turvo,3515194,esp&iacute;rito santense,AFONSO NASCIMENTO NETO,193.666,4926,21.92,97.4,0.696,-,20621.28969,17942.54007,15296.78,
Estrela d'Oeste,3515202,estrelense,MARCOS ANT&Ocirc;NIO SAES LOPES,296.281,8420,27.69,99,0.760,-,35526.62856,32891.95349,48610.53,
Estrela do Norte,3515301,estrelense,DEHON APARECIDO TOSO,264.987,2774,10.09,98.9,0.740,-,16898.17931,14342.14864,18307.13,
Euclides da Cunha Paulista,3515350,euclidense,DOMINGOS MENTE LOPES,573.894,9280,16.66,98.5,0.704,9.8,29092.25561,26471.53319,14501.68,
Fartura,3515400,farturense,LUCIANO PERES,429.171,16102,35.70,97.4,0.732,-,49079.06304,43959.59744,23454.33,
Fernand&oacute;polis,3515509,fernandopolense,ANDR&Eacute; GIOVANNI PESSUTO C&Acirc;NDIDO,549.797,69680,117.62,99.4,0.797,4.35,199250.69195,174683.38965,31841.68,
Fernando Prestes,3515608,fernando-prestense,RODRIGO RAVAZZI,169.990,5805,32.43,96.5,0.758,-,22629.27511,19679.36307,33831.94,
Fern&atilde;o,3515657,fern&atilde;oense,JOS&Eacute; VALENTIM FODRA,100.504,1739,15.51,99.1,0.703,-,16383.49427,11484.03755,38030.07,
Ferraz de Vasconcelos,3515707,ferrazense,PRISCILA CONCEICAO GAMBALE VIEIRA MATOS,29.547,198661,5692.55,97.6,0.738,9.97,323758.51022,277576.96209,16714.90,
Flora Rica,3515806,flora-riquense,GILBERTO SANCHES GOMES,224.711,1397,7.78,99.1,0.727,-,14076.60941,12147.19562,24174.01,
Floreal,3515905,florealense,NORIVAL FRANCISCO GARCIA JUNIOR,204.236,2884,14.70,96.2,0.747,-,21076.83759,17439.96057,22214.94,
Fl&oacute;rida Paulista,3516002,floridense,WILSON FR&Oacute;IO JUNIOR,524.138,14936,24.47,98.9,0.715,26.09,36645.52178,31878.61943,14009.81,
Flor&iacute;nea,3516101,florinense ou florineano,PAULO EDUARDO PINTO,225.886,2631,12.54,96.6,0.713,-,19383.35856,16583.3992,52668.03,
Franca,3516200,francano,ALEXANDRE AUGUSTO FERREIRA,605.679,358539,526.09,98.2,0.780,10.57,720800.10493,693764.86769,28787.49,
Francisco Morato,3516309,moratense,RENATA TORRES DE SENE,49.001,179372,3147.80,95.8,0.703,13.44,322463.64999,283061.88222,9034.56,
Franco da Rocha,3516408,franco-rochense,NIVALDO DA SILVA SANTOS,132.775,158438,980.95,95.7,0.731,5.63,323543.70556,283285.64064,21442.87,
Gabriel Monteiro,3516507,monteirense,VANDERLEI ANTONINHO MENDON&Ccedil;A,138.681,2776,19.55,99.7,0.763,-,15779.89789,13892.2692,27460.99,
G&aacute;lia,3516606,galiense,RENATO INACIO GON&Ccedil;ALVES,355.914,6419,19.69,97,0.709,-,24207.35271,20712.8507,23004.53,
Gar&ccedil;a,3516705,garcense,JO&Atilde;O CARLOS DOS SANTOS,555.807,44429,77.60,98.1,0.769,16.53,154647.85578,136606.83684,26460.04,
Gast&atilde;o Vidigal,3516804,vidigalense,SEBASTI&Atilde;O FELISBERTO FERNANDES,180.569,4911,23.17,96.6,0.723,-,19004.98059,15221.79347,15273.46,
Gavi&atilde;o Peixoto,3516853,gavionense,ADRIANO MAR&Ccedil;AL DA SILVA,243.766,4841,18.13,98.7,0.719,-,45966.25853,37048.95802,225346.38,
General Salgado,3516903,salgadense,MAURO GILBERTO FANTINI,494.376,10855,21.63,98.5,0.747,11.76,42540.83689,44198.69202,21587.10,
Getulina,3517000,getulinense,ANT&Ocirc;NIO CARLOS MAIA FERREIRA,676.755,11485,15.86,99.4,0.717,11.49,31784.07308,27480.55568,16109.13,
Glic&eacute;rio,3517109,glicerense,ILDO DE SOUZA,272.800,4842,16.69,98.5,0.735,22.22,21450.50411,18523.22084,22427.20,
Guai&ccedil;ara,3517208,guai&ccedil;arense,BRUNO FLORIANO DE OLIVEIRA,277.154,12416,39.35,98.4,0.739,6.94,34948.99189,29777.61906,13646.78,
Guaimb&ecirc;,3517307,guaimbeense,MARCIA HELENA PEREIRA CABRAL ACHILLES,217.811,5806,24.88,99,0.728,13.33,23824.10387,19316.37921,27766.14,
Gua&iacute;ra,3517406,guairense,JOSE EDUARDO COSCRATO LELIS,1258.465,41283,29.72,97.8,0.753,4.72,184411.25061,156565.54772,83612.04,
Guapia&ccedil;u,3517505,guapia&ccedil;uense,JEAN CARLOS VETORASSO,325.126,22087,55.00,98,0.725,7.97,77410.71367,61872.92947,29005.80,
Guapiara,3517604,guapiense,JOS&Eacute; MATHEUS RODOLFO DE FREITAS,408.292,16896,44.08,96.7,0.675,25.77,50172.88751,46057.06345,19376.17,
Guar&aacute;,3517703,guaraense,VINICIUS MAGNO FILGUEIRA,362.183,21394,54.78,98,0.718,20.51,64882.21666,54904.99999,23051.77,
Guara&ccedil;a&iacute;,3517802,guara&ccedil;aiense,AIRTON JOSE GOMES,569.197,8258,14.80,98,0.719,30.3,30110.64922,25902.89786,31835.49,
Guaraci,3517901,guaraciense,RENATO AZEDA RIBEIRO DE AGUIAR,641.501,11382,15.55,97,0.737,-,52473.47949,47172.14591,28872.49,
Guarani d'Oeste,3518008,guaraniense,NILSON TIMPORIM CAFFER,85.700,1996,23.03,95.6,0.732,-,15147.01797,11610.59837,17057.04,
Guarant&atilde;,3518107,guarant&atilde;ense,MARCOS ROBERTO FRUGERI,461.746,6685,13.89,98.9,0.713,19.23,23152.79477,18916.66553,22623.53,
Guararapes,3518206,guararapense,TAREK DARGHAM,955.637,33257,31.99,99.6,0.763,14.71,93651.17078,86915.60146,29671.54,
Guararema,3518305,guararemense,JOS&Eacute; LUIZ EROLES FREIRE,270.816,30465,95.43,97.3,0.731,4.63,165358.38094,161319.60779,48313.05,
Guaratinguet&aacute;,3518404,guaratinguetaense,MARCUS AUGUSTIN SOLIVA,752.636,123192,148.91,97.8,0.798,12.85,314633.14171,304895.53466,53273.58,
Guare&iacute;,3518503,guareiense,JOS&Eacute; AMADEU DE BARROS,567.884,19244,25.72,96.3,0.687,20.83,43590.84558,36441.06027,12213.37,
Guariba,3518602,guaribense,CELSO ANTONIO ROMANO,270.289,40857,131.29,97.3,0.719,10.31,112249.84688,94828.85351,21915.57,
Guaruj&aacute;,3518701,guarujaense,VALTER SUMAN,144.794,324977,2026.80,95.9,0.751,14.59,1349179.76078,1153554.18582,28417.36,
Guarulhos,3518800,guarulhense,GUSTAVO HENRIC COSTA,318.675,1404694,3834.51,97.1,0.763,10.33,4189490.67768,3985438.68069,47249.21,
Guatapar&aacute;,3518859,guataparaense,JURACY COSTA DA SILVA,413.567,7760,16.84,99.1,0.743,-,32270.6323,26671.09258,30599.83,
Guzol&acirc;ndia,3518909,guzolandense,MARCIO LUIS CARDOSO,252.477,5346,18.86,85.3,0.697,18.18,20936.0177,17601.96305,13301.42,
Hercul&acirc;ndia,3519006,herculandense,PAULO SERGIO DE OLIVEIRA,364.252,9649,23.85,98.4,0.727,17.54,26291.34958,22891.195,29219.01,
Holambra,3519055,holambrense,FERNANDO HENRIQUE CAPATO,65.577,15605,172.30,98.8,0.793,9.39,77486.37455,67934.48903,67415.97,
Hortol&acirc;ndia,3519071,hortolandense,ANGELO AUGUSTO PERUGINI,62.416,237570,3094.16,97.5,0.756,10.24,780150.07223,674186.19628,63810.17,
Iacanga,3519105,iacanguense,ELI DONISETI CARDOSO,547.393,12002,18.29,96.7,0.745,8.26,48461.83495,41283.8993,39365.76,
Iacri,3519204,iacriano,CARLOS ALBERTO FREIRE,321.948,6269,19.90,99.4,0.733,-,20293.12789,17172.47081,26522.04,
Iaras,3519253,iarense,MARCOS JOS&Eacute; ROSA,401.381,9786,15.89,98.5,0.674,12.82,26898.17696,23493.36282,15632.82,
Ibat&eacute;,3519303,ibateense,JOS&Eacute; LUIZ PARELLA,290.978,35830,105.74,97.6,0.703,12.45,90979.69721,82515.37296,21736.81,
Ibir&aacute;,3519402,ibiraense,EDVARD ALBERTO COLOMBO,271.912,12639,40.07,98.4,0.740,-,40858.64405,37142.19875,19765.24,
Ibirarema,3519501,ibiraremense,JOSE BENEDITO CAMACHO,228.230,7926,29.45,97.4,0.708,14.29,27436.90193,23891.56961,21971.29,
Ibitinga,3519600,ibitinguense,CRISTINA MARIA KALIL ARANTES,689.391,61150,77.12,95.8,0.747,8.08,145376.47271,134351.73134,24939.53,
Ibi&uacute;na,3519709,ibiunense,PAULO KENJI SASAKI,1058.082,80062,67.31,95.8,0.710,13.1,199573.19264,184089.2641,23392.98,
Ic&eacute;m,3519808,icense,OSCAR LUIZ CORREA CUNHA,362.355,8363,20.58,98.5,0.720,11.76,35974.86526,33595.75417,21080.39,
Iep&ecirc;,3519907,iepense,MURILO NOBREGA CAMPOS,594.974,8228,12.81,97.9,0.736,-,34905.48075,30166.2191,30742.42,
Igara&ccedil;u do Tiet&ecirc;,3520004,iguara&ccedil;uense,RICARDO VERPA COSTA DA SILVA,97.747,24821,239.07,98.8,0.727,7.6,65624.76233,59175.84358,13242.69,
Igarapava,3520103,igarapavense,JOSE RICARDO RODRIGUES MATTAR,468.355,30791,59.70,97.8,0.768,14.04,90033.56975,82825.3599,39767.17,
Igarat&aacute;,3520202,igaratense,ELZO ELIAS DE OLIVEIRA SOUZA,292.953,9631,30.14,99.1,0.711,7.04,42457.14188,38532.21607,21953.32,
Iguape,3520301,iguapense,WILSON ALMEIDA LIMA,1978.795,31117,14.58,99.5,0.726,9.23,104794.14181,89269.86164,40708.33,
Ilhabela,3520400,ilhabelense,ANTONIO LUIZ COLUCCI,346.389,36194,81.13,98.3,0.756,6.15,635442.14033,417017.91236,428020.22,
Ilha Comprida,3520426,ilha compridense,GERALDINO BARBOSA DE OLIVEIRA JUNIOR,196.567,11552,47.01,98.2,0.725,13.79,93861.35487,93029.52622,93630.19,
Ilha Solteira,3520442,ilhense,OT&Aacute;VIO AUGUSTO GIANTOMASSI GOMES,652.641,26886,38.42,99.3,0.812,13.33,129475.89823,111432.11982,24339.08,
Indaiatuba,3520509,indaiatubano,NILSON ALCIDES GASPAR,311.545,260690,646.11,98.2,0.788,6.42,1136120.63336,959512.37517,66489.24,
Indiana,3520608,indianense,WHESLEN THIEGO SCAIONE CACHOEIRA,129.367,4873,38.11,98,0.761,-,16701.6143,15678.78153,13303.66,
Indiapor&atilde;,3520707,indiapor&atilde;ense,ADERITO CAMARGO FERREIRA DA SILVA,279.606,3876,13.96,98.5,0.751,-,21291.88555,18982.09407,23427.52,
In&uacute;bia Paulista,3520806,inubense,JO&Atilde;O SOARES DOS SANTOS,87.119,4045,41.53,98.3,0.759,29.41,16473.58183,14359.47921,33703.63,
Ipaussu,3520905,ipau&ccedil;uense,SERGIO GALVANIN GUIDIO FILHO,209.554,15165,65.17,97.9,0.727,11.24,47999.30933,42594.93842,22611.54,
Iper&oacute;,3521002,iperoense,LEONARDO ROBERTO FOLIM,170.289,38771,166.20,98.9,0.719,11.4,91127.24315,82686.38315,18424.29,
Ipe&uacute;na,3521101,ipeunense,DIEGO HERON PINHEIRO,190.010,7824,31.66,98.8,0.753,12.66,30813.47041,26383.76638,62918.04,
Ipigu&aacute;,3521150,ipiguaense,EFRAIM GARCIA LOPES,136.028,5557,32.89,98.5,0.730,11.63,22996.58464,18141.67521,19582.16,
Iporanga,3521200,iporanguense,ALESSANDRO MENDES RODRIGUES,1152.059,4180,3.73,97.3,0.703,-,22215.41828,19385.15534,13751.83,
Ipu&atilde;,3521309,ipu&atilde;nense,RONYWERTON MARCELO ALVES PEREIRA,466.461,16794,30.37,98,0.749,6.25,59873.28611,54485.04373,22422.43,
Iracem&aacute;polis,3521408,iracemapolense,NELITA CRISTINA MICHEL FRANCESCHINI,115.118,24982,173.99,95.7,0.776,7.72,78956.61562,76107.80334,286384.27,
Irapu&atilde;,3521507,irapuense,RENI APARECIDA DA SILVA,257.612,8101,28.21,97.9,0.713,21.98,23318.09912,20794.86392,20098.62,
Irapuru,3521606,irapuruense,ADEMAR CALEG&Atilde;O,214.461,8356,36.24,95.1,0.712,-,20510.70134,18151.40176,11569.78,
Itaber&aacute;,3521705,itaberaense,ALEX ROG&Eacute;RIO CAMARGO DE LACERDA,1100.247,17405,16.08,97.9,0.693,21.28,58975.34391,52125.4518,33740.36,
Ita&iacute;,3521804,itaiense,JOSE RAMIRO ANTUNES DO PRADO,1092.884,27632,22.17,97.9,0.713,17.12,99937.16476,76142.01532,25819.89,
Itajobi,3521903,itajobiense,SIDIOMAR UJAQUE,502.066,15331,28.99,94.9,0.730,28.09,77701.93202,63681.73156,40105.08,
Itaju,3522000,itajuense,JERRI DE SOUZA NEIVA,230.355,3937,14.12,98.7,0.705,25,18533.45513,15729.53704,25439.78,
Itanha&eacute;m,3522109,itanhaense,TIAGO RODRIGUES CERVANTES,601.711,104351,144.69,97.5,0.745,8.55,399005.3954,378386.3151,20011.41,
Itaoca,3522158,itaoquense,FREDERICO DIAS BATISTA,183.015,3332,17.64,98.8,0.680,-,17318.47582,16178.57517,12719.25,
Itapecerica da Serra,3522208,itapecericano,FRANCISCO TADAO NAKANO,150.742,179574,1011.57,96.8,0.742,15.83,427264.50588,366304.84686,22084.42,
Itapetininga,3522307,itapetingano,SIMONE APARECIDA CURRALADAS DOS SANTOS,1789.350,167106,80.65,96.4,0.763,12.46,448514.17401,426754.60157,29883.19,
Itapeva,3522406,itapevense,MARIO SERGIO TASSINARI,1826.258,95241,48.05,98.4,0.732,10.19,324342.23975,263972.64795,30822.88,
Itapevi,3522505,itapeviense,IGOR SOARES EBERT,82.658,244131,2428.88,96.5,0.735,9.53,716998.9369,533970.66809,50673.18,
Itapira,3522604,itapirense,ANTONIO H&Eacute;LIO NICOLAI,518.416,75683,132.21,98,0.762,9.99,266467.31633,250340.39636,51107.82,
Itapirapu&atilde; Paulista,3522653,itapirapu&atilde; paulistense,JULIO CESAR DO AMARAL,406.478,4294,9.55,99,0.661,26.67,20170.10041,15842.4124,10801.45,
It&aacute;polis,3522703,itapolitano,VLADIMIR DO CARMO REGGIANI,996.747,43536,40.18,98.4,0.744,9.64,120554.9277,108053.13907,30497.54,
Itaporanga,3522802,itaporanguense,DOUGLAS ROBERTO BENINI,507.997,15197,28.66,97.9,0.719,-,40344.10401,36382.11663,19625.32,
Itapu&iacute;,3522901,itapuiense,ANTONIO &Aacute;LVARO DE SOUZA,140.023,14297,86.46,96.5,0.725,10.31,49511.33824,40320.40542,43782.60,
Itapura,3523008,itapurense,FABIO DOURADO,301.653,4994,14.46,98,0.720,-,28077.67865,22979.43781,19449.94,
Itaquaquecetuba,3523107,itaquaquecetubense,EDUARDO BOIGUES QUEROZ,82.622,379082,3895.24,96.4,0.714,13.24,628167.67634,573772.86888,20653.57,
Itarar&eacute;,3523206,itarareense,HELITON SCHEIDT DO VALLE,1003.860,50778,47.76,98,0.703,10.54,113321.6603,100270.38884,18709.48,
Itariri,3523305,itaririense,DINAMERICO GON&Ccedil;ALVES PERONI,273.667,17754,56.53,96.4,0.677,12.42,39544.6352,34886.20054,18748.36,
Itatiba,3523404,itatibense,THOMAS ANTONIO CAPELETTO DE OLIVEIRA,322.269,124254,314.90,97.8,0.778,14.09,373051.57991,368195.90964,52722.16,
Itatinga,3523503,itatinguense,JO&Atilde;O BOSCO BORGES,979.817,21139,18.42,98,0.706,12.66,69737.5931,60680.49774,19389.93,
Itirapina,3523602,itirapinense,MARIA DA GRA&Ccedil;A ZUCCHI MORAES,564.603,18610,27.49,97.8,0.724,6.29,69875.11967,63369.74657,39484.06,
Itirapu&atilde;,3523701,itirapu&atilde;nense,GERSON LUIZ ALVES,161.118,6587,36.71,99.1,0.707,-,20045.65674,17688.96235,15885.28,
Itobi,3523800,itobiano,JOAQUIM CANDIDO FILHO,138.986,7862,54.20,98.6,0.717,10.53,18360.75407,16579.64617,17662.02,
Itu,3523909,ituano,GUILHERME DOS REIS GAZZOLA,640.719,177150,241.01,94.3,0.773,9.35,629552.20925,530163.51302,47384.65,
Itupeva,3524006,itupevense,MARCO ANTONIO MARCHI,200.876,64330,223.38,97.4,0.762,13.06,256241.78846,225371.51487,120523.17,
Ituverava,3524105,ituveravense,LUIZ ANTONIO DE ARAUJO,704.659,42259,54.87,97.9,0.765,6.24,150382.99356,136066.57043,38094.32,
Jaborandi,3524204,jaborandiense,SILVIO VAZ DE ALMEIDA,273.438,6963,24.11,98.3,0.711,-,29164.17778,25815.7643,19844.90,
Jaboticabal,3524303,jaboticabalense,EMERSON RODRIGO CAMARGO,706.602,78029,101.42,97.9,0.778,9.3,291166.46826,269874.44489,38082.72,
Jacare&iacute;,3524402,jacareiense,IZAIAS JOS&Eacute; DE SANTANA,464.272,237119,454.94,98.3,0.777,9.73,915153.68112,795619.47276,57183.66,
Jaci,3524501,jaciense,VALERIA PERPETUO GUIMARAES HENRIQUE,145.133,7322,38.87,97.7,0.723,9.52,28177.56046,23168.48995,63285.90,
Jacupiranga,3524600,jacupiranguense,ROBERTO CARLOS GARCIA,704.189,17911,24.44,97.4,0.717,12.61,49043.22183,42477.18526,28518.44,
Jaguari&uacute;na,3524709,jaguariunense,MARCIO GUSTAVO BERNARDES REIS,141.391,59921,313.37,98,0.784,14.14,380624.36296,302431.47496,214806.49,
Jales,3524808,jalesense,LU&Iacute;S HENRIQUE DOS SANTOS MOREIRA,368.574,49291,127.57,98.9,0.776,5.66,145298.83935,135606.82028,32977.60,
Jambeiro,3524907,jambeirense,CARLOS ALBERTO DE SOUZA,184.413,6828,29.01,97.7,0.756,-,31790.23821,27670.64067,38568.38,
Jandira,3525003,jandirense,HENRI HAJIME SATO,17.449,127734,6207.76,96.9,0.760,13.49,296660.34158,235985.83921,33294.36,
Jardin&oacute;polis,3525102,jardinopolense,PAULO JOS&Eacute; BRIGLIADORI,501.870,45544,74.99,97.1,0.735,5.49,129583.75955,120447.74933,27213.46,
Jarinu,3525201,jarinuense,DEBORA CRISTINA DO PRADO BELINELLO,207.549,31173,114.85,98.2,0.733,12.08,111672.99696,107960.03669,84061.56,
Ja&uacute;,3525300,jauense,JORGE IVAN CASSARO,687.103,153463,191.09,97.8,0.778,10.7,384451.35889,361304.59,32636.39,
Jeriquara,3525409,jeriquarense,EDER LUIZ CARVALHO GON&Ccedil;ALVES,141.971,3143,22.26,98,0.703,23.26,17853.98056,15767.01664,32818.09,
Joan&oacute;polis,3525508,joanopolitano,ADAUTO BATISTA DE OLIVEIRA,374.293,13453,31.44,95.8,0.699,6.58,39221.68807,35825.19274,16137.27,
Jo&atilde;o Ramalho,3525607,ramalhense,ADELMO ALVES,415.452,4577,9.99,99.4,0.741,-,25663.13317,19048.1281,28099.01,
Jos&eacute; Bonif&aacute;cio,3525706,bonifaciano,DILMO RESENDE DE CARVALHO,860.200,37707,38.10,99,0.777,9.43,103318.53105,85049.46331,34118.53,
J&uacute;lio Mesquita,3525805,j&uacute;lio-mesquitense,TIRSO FERNANDES SOBREIRO JUNIOR,128.183,4824,34.55,97.7,0.716,-,18017.77347,16294.30831,11235.21,
Jumirim,3525854,jumirense,DANIEL VIEIRA,56.685,3467,49.36,99.2,0.741,-,19564.13502,15938.5812,36578.45,
Jundia&iacute;,3525904,jundiaiense,LUIZ FERNANDO ARANTES MACHADO,431.204,426935,858.42,98.2,0.822,7.59,2111466.92963,1856200.08543,112068.21,
Junqueir&oacute;polis,3526001,junqueiropolense,OSMAR PINATTO,582.565,20978,32.12,96.8,0.745,9.26,67489.3831,60105.34605,28666.77,
Juqui&aacute;,3526100,juquiaense,GILBERTO TADASHI MATSUSUE,812.799,18627,23.68,97.7,0.700,12.61,51990.46401,43324.19616,18436.57,
Juquitiba,3526209,juquitibense,AYRES SCORSATTO,522.169,31844,55.03,98.5,0.709,14.08,79486.51362,73190.19701,17311.76,
Lagoinha,3526308,lagoinhense,TIAGO MAGNO DE OLIVEIRA,255.472,4882,18.95,99,0.693,27.03,18654.63669,15385.31473,12643.55,
Laranjal Paulista,3526407,laranjalense,ALCIDES DE MOURA CAMPOS JUNIOR,384.274,29047,65.75,98.1,0.729,18.92,87439.74193,80132.34929,40312.93,
Lav&iacute;nia,3526506,lavinense,SALVADOR CAZUO MATSUNAKA,537.675,12581,16.33,98.6,0.721,46.51,40123.56455,31920.57164,12978.20,
Lavrinhas,3526605,lavrinhense,JOSE BENEDITO DA SILVA,167.067,7361,39.45,98.5,0.729,-,23388.76075,21425.97988,14241.56,
Leme,3526704,lemense,WAGNER RICARDO ANTUNES FILHO,402.871,105273,227.75,97.7,0.744,13.22,321603.55201,282627.06268,32775.73,
Len&ccedil;&oacute;is Paulista,3526803,len&ccedil;oiense,ANDERSON PRADO DE LIMA,809.541,69533,75.88,99,0.764,4.96,277427.36276,209268.7412,44920.91,
Limeira,3526902,limeirense,MARIO CELSO BOTION,580.711,310783,475.32,97.7,0.775,12.86,1030815.94674,900521.4526,45035.17,
Lind&oacute;ia,3527009,lindoiano,LUCIANO FRANCISCO DE GODOI LOPES,48.756,8201,137.67,97.4,0.742,13.89,32919.82535,30620.69173,23262.78,
Lins,3527108,linense,JO&Atilde;O LUIS LOPES PANDOLFI,570.058,78978,124.98,98.4,0.786,19.59,204526.51546,182873.7478,68996.22,
Lorena,3527207,lorenense,SYLVIO BALLERINI,414.160,89532,199.29,97.2,0.766,11.54,203443.38155,187990.75789,32004.82,
Lourdes,3527256,lourdense,ODECIO RODRIGUES DA SILVA,113.940,2311,18.71,98.4,0.742,-,14174.37069,12043.96269,15334.50,
Louveira,3527306,louveirense,ESTANISLAU STECK,55.738,51007,673.37,97.3,0.777,19.21,474676.11413,383525.37831,328612.49,
Luc&eacute;lia,3527405,luceliense,TATIANA GUILHERMINO TAZINAZZIO COELHO COSTA,314.810,22022,63.17,99.4,0.752,5.21,54482.53775,44593.98147,18498.70,
Lucian&oacute;polis,3527504,lucianopolense,HUMBERTO ZANINOTO MALDONADO,189.536,2412,11.85,99.1,0.733,-,16106.81847,12906.07153,22527.97,
Lu&iacute;s Ant&ocirc;nio,3527603,lu&iacute;s-antoniense,RODRIGO MELLO MARQUES,598.257,15628,18.85,99.4,0.731,6.67,72400.55207,60721.43339,92760.78,
Luizi&acirc;nia,3527702,luiziano,ROG&Eacute;LIO CERVIGNE BARRETO,166.576,5918,30.20,92.8,0.702,-,17628.60665,15679.586,13110.40,
Lup&eacute;rcio,3527801,lupercense,CLEBER MENEGUCCI,155.171,4608,28.18,94.5,0.724,20.83,17166.49454,16094.20027,16006.34,
Lut&eacute;cia,3527900,luteciano,LAUDEMIR LEATI,475.226,2623,5.71,93.7,0.720,-,17603.81229,14802.29419,27668.38,
Macatuba,3528007,macatubense,ANDERSON FERREIRA,224.514,17263,72.19,99.3,0.770,5,74107.33272,62454.57101,37499.33,
Macaubal,3528106,macaubalense,ACACIO TARDOQUE FERREIRA,248.087,8174,30.88,97.9,0.743,15.15,24363.14069,21438.26452,20981.79,
Maced&ocirc;nia,3528205,macedoniense,REGINALDO ELOY MARCOMINI DOS REIS,327.567,3686,11.18,99.3,0.740,-,21297.58123,18452.17525,20360.32,
Magda,3528304,magdense,ALEXANDRE PAIVA BATELLO,312.282,3086,10.27,96.5,0.753,-,23503.51894,20815.79342,30597.45,
Mairinque,3528403,mairinquense,ANTONIO ALEXANDRE GEMENTE,210.149,47723,205.53,96.9,0.743,6.13,151739.80604,154356.79392,36310.82,
Mairipor&atilde;,3528502,mairiporense,WALID ALI HAMID,320.697,103645,252.44,98.1,0.788,9.5,256281.70262,217090.97814,18456.83,
Manduri,3528601,mandurinense,JOS&Eacute; ONIVALDO JUSTI,229.046,9972,39.26,98.9,0.739,-,27217.50205,24110.31096,22714.00,
Marab&aacute; Paulista,3528700,marabaense,APARECIDO NASCIMENTO SOBRAL,919.519,6039,5.24,99,0.677,26.32,21675.18029,19883.94691,17957.64,
Maraca&iacute;,3528809,maracaiense,PAULO EDUARDO DA SILVA,533.498,14069,24.97,98.3,0.771,11.9,48883.69285,43049.32467,28270.20,
Marapoama,3528858,marapoamense,MARCIO PERPETUO AUGUSTO,111.267,3097,23.66,99.4,0.752,27.03,19199.59903,15474.83459,57888.43,
Mari&aacute;polis,3528908,mariapolense,RICARDO MITSURO WATANABE,186.544,4098,21.07,97.5,0.718,-,15325.24935,13397.74638,14105.25,
Mar&iacute;lia,3529005,mariliense,DANIEL ALONSO,1170.515,242249,185.21,97.8,0.798,12.28,841368.05861,783340.44246,35098.66,
Marin&oacute;polis,3529104,marinopolense,EVALDO RIBEIRO,77.827,2101,27.15,97.6,0.731,-,15171.34577,11991.6459,17879.40,
Martin&oacute;polis,3529203,martinopolense,MARCO ANTONIO JACOMELI DE FREITA,1253.564,26791,19.33,98.1,0.721,3.61,76837.15949,69770.48191,18294.11,
Mat&atilde;o,3529302,matonense,ADAUTO APARECIDO SCARDOELLI,524.899,84069,146.30,97.7,0.773,8.03,237770.17797,222800.23445,47615.93,
Mau&aacute;,3529401,mauaense,FRANCISCO MARCELO DE OLIVEIRA,61.937,481725,6741.41,97.4,0.766,9.57,980419.20244,911004.89057,34430.52,
Mendon&ccedil;a,3529500,mendoncino,ANTONINO CAETANO DE SOUZA,195.151,5638,23.79,98.1,0.744,-,28462.22507,26558.65451,32438.03,
Meridiano,3529609,meridianense,MARCIA CRISTINA ADRIANO DE LIMA,228.199,3813,16.82,98.5,0.731,-,25373.6573,21836.25388,60692.11,
Mes&oacute;polis,3529658,mesopolense,JOSE CARLOS DA SILVA,148.636,1903,12.67,100,0.724,-,17661.80335,14849.39683,31523.14,
Miguel&oacute;polis,3529708,miguelopense,NAIM MIGUEL NETO,820.849,22480,24.88,98.6,0.741,-,86649.89567,75581.94914,46740.36,
Mineiros do Tiet&ecirc;,3529807,mineiros-tieteense,GEZIEL PEREIRA LIMA,213.242,13023,56.45,98.3,0.730,8.4,33021.69165,30577.89194,13627.43,
Miracatu,3529906,miracatuense,VIN&Iacute;CIUS BRAND&Atilde;O DE QUEIR&Oacute;Z,1001.484,19511,20.56,97.1,0.697,3.69,68104.83521,63915.42351,20952.66,
Mira Estrela,3530003,mira-estrelense,PRISCILLA FERNANDA COBACHO DO PRADO,216.825,3125,13.01,97.2,0.743,-,23360.99888,18488.32167,21848.80,
Mirand&oacute;polis,3530102,mirandopolense,EVERTON LUIZ FERNANDES SODARIO RAIMUNDO,917.694,29844,29.91,97.9,0.751,8.7,87710.76706,71720.71888,20746.21,
Mirante do Paranapanema,3530201,mirantense,&Aacute;TILA RAMIRO MENEZES DOURADO,1238.931,18415,13.77,98.8,0.724,30.67,66544.21737,53839.25176,20114.52,
Mirassol,3530300,mirassolense,EDSON ANTONIO ERMENEGILDO,243.228,60768,221.10,93.5,0.762,6.56,163458.62973,150439.15365,32141.80,
Mirassol&acirc;ndia,3530409,mirassolandense,CELIA APARECIDA FIAMENGHI DOS SANTOS MATOS,166.125,4966,25.85,96.9,0.738,-,16915.01936,15061.45421,35456.50,
Mococa,3530508,mocoquense,EDUARDO RIBEIRO BARISON,855.156,69072,77.55,98.9,0.762,2.89,183202.42222,178334.89411,31325.49,
Mogi das Cruzes,3530607,mogiano,CAIO C&Eacute;SAR MACHADO DA CUNHA,712.541,455587,544.12,97.7,0.783,10.19,1496004.06203,1450291.40855,36381.52,
Mogi Gua&ccedil;u,3530706,gua&ccedil;uano,RODRIGO FALSETTI,812.753,154146,168.99,97.9,0.774,5.56,508193.49579,455038.22182,37802.36,
Mogi Mirim,3530805,mogi-miriano,PAULO DE OLIVEIRA E SILVA,497.708,94098,173.77,97.4,0.784,6.36,362655.43793,333425.3257,50482.71,
Mombuca,3530904,mombucano,ROGERIO APARECIDO ALCALDE,133.698,3523,24.43,97.8,0.719,-,19183.51657,15458.33643,28464.80,
Mon&ccedil;&otilde;es,3531001,mon&ccedil;olense,VALTOLINO VALDIR MARIA ALVES,104.352,2274,20.45,100,0.772,-,23140.05603,17874.97115,24184.29,
Mongagu&aacute;,3531100,mongaguano,M&Aacute;RCIO MELO GOMES,142.755,58567,326.00,98.3,0.754,13.33,211556.8439,186525.60825,19676.56,
Monte Alegre do Sul,3531209,monte-alegrense,EDSON RODRIGO DE OLIVEIRA CUNHA,110.308,8181,64.84,98.3,0.759,-,27451.17338,24882.21637,23939.32,
Monte Alto,3531308,monte-altense,MARIA HELENA AGUIAR RETTONDINI,346.950,51039,134.61,98.6,0.768,12.85,136384.82479,122760.62639,38301.77,
Monte Apraz&iacute;vel,3531407,monte-aprazivelense,MARCIO LUIZ MIGUEL,495.559,25651,43.76,98.8,0.785,3.83,66523.95899,59848.47029,24340.20,
Monte Azul Paulista,3531506,monte-azulense,MARCELO OTAVIANO DOS SANTOS,263.462,18928,71.86,98.6,0.753,15,70925.69797,66870.12515,29747.43,
Monte Castelo,3531605,monte-castelense,EDSON CARLOS OLIVEIRA DA SILVA,233.547,4166,17.47,98.2,0.741,-,22572.16981,18067.72349,23387.73,
Monteiro Lobato,3531704,lobatense,EDMAR JOS&Eacute; DE ARA&Uacute;JO,332.742,4739,12.38,96.5,0.710,-,18487.1924,15226.56083,13995.28,
Monte Mor,3531803,monte-morense,EDIVALDO ANT&Ocirc;NIO BRISCHI,240.566,61707,203.61,97.2,0.733,9.38,208286.3551,188798.01223,58111.83,
Morro Agudo,3531902,morro-agudense,VINICIUS CRUZ DE CASTRO,1388.127,33598,20.97,95.9,0.712,2.87,131625.99598,118383.03824,28758.44,
Morungaba,3532009,morungabense,MARCO ANTONIO DE OLIVEIRA,146.752,13936,80.20,97.4,0.715,12.2,42617.22848,36025.19595,37230.26,
Motuca,3532058,motuquense,JO&Atilde;O RICARDO FASCINELI,228.700,4831,18.76,95.4,0.741,25.64,20086.85249,16600.73756,18480.12,
Murutinga do Sul,3532108,murutinguense,CRISTIANO ELEUTERIO SOARES DA SILVA,250.873,4525,16.69,96.4,0.726,-,19191.17473,17259.01202,16123.37,
Nantes,3532157,nantense,AURELIO PEREIRA DOS SANTOS,286.647,3215,9.46,98.7,0.714,25.64,18811.41613,17735.56037,34639.15,
Narandiba,3532207,narandibense,ITAMAR DOS SANTOS SILVA,357.325,4950,11.98,98.9,0.718,13.7,29968.19232,25844.00546,31207.78,
Natividade da Serra,3532306,nativense,EVAIL AUGUSTO DOS SANTOS,833.372,6624,8.01,98.8,0.655,18.87,27184.7205,23809.02274,11048.15,
Nazar&eacute; Paulista,3532405,nazareano,CANDIDO MURILO PINHEIRO RAMOS,326.254,18866,50.31,96.9,0.678,14.42,57140.66224,52964.56192,19790.93,
Neves Paulista,3532504,nevense,MARCIO ROGERIO RODRIGUES DOS SANTOS,219.050,8917,40.18,99.7,0.754,-,30049.25058,25781.79133,24450.17,
Nhandeara,3532603,nhandearense,JOS&Eacute; ADALTO BORINI,436.159,11575,24.61,97.7,0.751,-,35956.77035,31429.29041,26465.89,
Nipo&atilde;,3532702,nipoense,JOS&Eacute; PEDRO RAMPIM,137.609,5381,31.01,99.2,0.713,-,18105.42821,15647.0168,17286.99,
Nova Alian&ccedil;a,3532801,nova-aliancense,JURANDIR BARBOSA DE MORAIS,217.515,7161,27.11,99.2,0.738,-,26103.39249,22269.94351,21454.62,
Nova Campina,3532827,nova campinense,JUCEMARA FORTES DO NASCIMENTO,385.375,9962,22.10,99.7,0.651,24.59,29547.96244,24233.46827,12860.19,
Nova Cana&atilde; Paulista,3532843,novacanaense,THAIS CRISTINA COSTA MOREIRA,124.473,1824,16.99,98.8,0.715,-,15723.42712,12571.09646,20421.70,
Nova Castilho,3532868,castilhense,LUCIO MAURO GARCIA,183.396,1290,6.14,100,0.756,-,15879.04919,13113.45443,36346.56,
Nova Europa,3532900,nova-europense,LUIZ CARLOS DOS SANTOS,160.250,11519,58.00,100,0.765,22.56,37237.12013,31643.12851,19138.73,
Nova Granada,3533007,granadense,TANIA LIANA TOLEDO YUGAR,531.796,21871,36.06,98.6,0.739,4.05,51162.29588,46103.99641,20172.02,
Nova Guataporanga,3533106,guataporanguense,VAGNER ALVES DE LIMA,34.158,2333,63.81,99.3,0.726,34.48,17113.04869,12598.9717,14366.57,
Nova Independ&ecirc;ncia,3533205,independentino,FERNANDO MACCHI SANTANA,265.029,4135,11.54,98,0.735,21.28,27217.044,22616.214,35032.67,
Novais,3533254,novaense,PAULO CESAR DIAS PINHEIRO,117.772,6057,38.99,100,0.719,-,18418.87984,16452.99792,11137.42,
Nova Luzit&acirc;nia,3533304,luzitaniense,MIGUEL JOS&Eacute; ARA&Uacute;JO JUNIOR,73.816,4217,46.46,98.6,0.743,-,18537.40846,14766.97035,11281.71,
Nova Odessa,3533403,novaodessense,CLAUDIO JOSE SCHOODER,73.788,61716,689.48,98.4,0.791,8.05,183777.99214,159548.46645,64438.94,
Novo Horizonte,3533502,novo-horizontino,FABIANO DE MELLO BELENTANI,931.743,41765,39.28,97.7,0.753,6.99,120993.78292,108581.42886,28193.70,
Nuporanga,3533601,nuporanguense,DANIEL VIANA MELO,348.265,7522,19.57,97.8,0.746,11.63,38882.6448,34004.59141,54664.34,
Ocau&ccedil;u,3533700,ocau&ccedil;uense,JO&Atilde;O BENEDITO COSTA E SILVA,301.036,4294,13.86,97.7,0.717,-,19503.1206,15190.34513,24990.95,
&Oacute;leo,3533809,oleense,JORD&Atilde;O ANT&Ocirc;NIO VIDOTTO,198.938,2447,13.49,98.9,0.730,-,15328.65079,12535.71264,37435.98,
Ol&iacute;mpia,3533908,olimpiense,FERNANDO AUGUSTO CUNHA,802.555,55477,62.32,97.4,0.773,9.29,236517.37307,192876.92923,38559.28,
Onda Verde,3534005,onda-verdense,FABRICIO PIRES DE CARVALHO,242.946,4462,16.03,98.7,0.738,17.86,24069.66537,21217.26279,37107.07,
Oriente,3534104,orientense,GERALDO MATHEUS MORIS,218.668,6569,27.89,97.2,0.770,-,19242.27146,16917.37038,15532.92,
Orindi&uacute;va,3534203,orindiuvense,MIRELI CRISTINA LEITE RUVI&Eacute;RI MARTINS,247.378,7318,22.87,99.3,0.767,-,40163.58444,33719.30236,43203.37,
Orl&acirc;ndia,3534302,orlandino,SERGIO AUGUSTO BORDIN JUNIOR,291.765,44682,136.34,98.3,0.780,9.37,173941.85908,137410.76196,39483.88,
Osasco,3534401,osasquense,ROGERIO LINS WANDERLEY,64.954,701428,10264.80,96,0.776,10.66,2238608.11298,2035364.62372,117298.82,
Oscar Bressane,3534500,bressanense,LUIZ ANTONIO ROMANO,222.130,2603,11.46,96.7,0.749,-,16277.63983,14129.58953,34497.28,
Osvaldo Cruz,3534609,osvaldo-cruzense,VERA LUCIA ALVES,248.038,33118,124.47,97.6,0.762,21.81,82432.6617,70501.1321,24730.19,
Ourinhos,3534708,ourinhense,LUCAS POCAY ALVES DA SILVA,295.818,115139,347.78,98.2,0.778,6.88,368729.08913,331727.83127,29151.05,
Ouroeste,3534757,ouroestense,ALEX GARCIA SAKATA,288.648,10712,29.10,99.7,0.770,-,78183.63605,60533.81886,36848.47,
Ouro Verde,3534807,ouro-verdense,CLAUDINEI DOS SANTOS,266.778,8676,29.15,97.3,0.692,20.83,25262.11619,22785.32283,13588.30,
Pacaembu,3534906,pacaembuense,JOAO FRANCISCO MUGNAI NEVES,339.375,14326,39.07,98.9,0.725,9.17,41863.00654,37821.93239,19886.77,
Palestina,3535002,palestinense,REINALDO APARECIDO DA CUNHA,697.701,13285,15.89,96.6,0.732,7.41,41826.13912,35921.85359,25047.33,
Palmares Paulista,3535101,palmarense,LUCAS APARECIDO DA ASSUM&Ccedil;&Atilde;O,82.125,13691,133.14,98.2,0.722,-,28222.15482,24820.58274,9267.56,
Palmeira d'Oeste,3535200,palmeirense,REINALDO SAVAZI,318.740,9173,30.02,98.5,0.753,31.91,27828.46216,23935.15202,19927.66,
Palmital,3535309,palmitalense,LUIS GUSTAVO MENDES MORAES,548.407,22322,38.67,97.2,0.746,4.67,82329.60384,70594.61925,30453.86,
Panorama,3535408,panoramense,CARLOS HIROCI OUTI,356.050,15944,40.93,95.8,0.722,5.65,44391.46296,42264.69893,17416.08,
Paragua&ccedil;u Paulista,3535507,paragua&ccedil;uense,ANTONIO TAKASHI SASADA,1001.492,46180,42.22,99.4,0.762,11.45,154327.25499,139277.28116,33955.25,
Paraibuna,3535606,paraibunense,VICTOR DE CASSIO MIRANDA,809.576,18302,21.48,97.2,0.719,5.13,66686.02864,56151.49568,16255.07,
Para&iacute;so,3535705,paraisense,WALDOMIRO ANTONIO SGOBI,155.186,6536,37.85,99.1,0.749,18.87,31973.66678,25235.23892,28963.86,
Paranapanema,3535804,paranapanemense,RODOLFO HESSEL FANGANIELLO,1018.724,20588,17.48,98.1,0.717,3.8,92270.42715,82761.08345,37704.46,
Paranapu&atilde;,3535903,paranapuense,DANIEL JUNIOR DURAN PINATTO,140.354,4112,27.16,98.4,0.732,-,19551.04085,15071.36206,31464.84,
Parapu&atilde;,3536000,parapuense,GILMAR MARTIN MARTINS,366.664,10934,29.65,98.9,0.737,-,33595.1357,30045.81067,31274.38,
Pardinho,3536109,pardinhense,JOSE LUIZ VIRGINIO DOS SANTOS,209.894,6579,26.59,98.3,0.727,12.82,33642.32737,28803.40729,42239.25,
Pariquera-A&ccedil;u,3536208,pariquerense,WAGNER BENTO DA COSTA,359.414,19797,51.34,97.1,0.736,7.09,47577.06273,42793.7438,26979.75,
Parisi,3536257,parasiano,OCLAIR BARAO BENTO,84.737,2177,24.04,99.6,0.721,34.48,17670.99827,14662.02813,43720.38,
Patroc&iacute;nio Paulista,3536307,patrocinense,JOSE MAURO BARCELLOS,602.848,14941,21.56,97.8,0.730,11.24,60479.20741,46915.10802,47893.48,
Paulic&eacute;ia,3536406,pauliceiense,ANTONIO SIMONATO,374.091,7540,16.97,94,0.711,30,32388.08958,29943.55696,21818.58,
Paul&iacute;nia,3536505,paulinense,EDNILSON CAZELLATO,138.777,114508,592.17,97.9,0.795,9.83,1489238.68636,1184810.35885,341552.82,
Paulist&acirc;nia,3536570,paulistaniense,PAULO AUGUSTO GRANCHI,256.178,1835,6.93,97.5,0.718,-,16317.83815,14226.11792,19694.19,
Paulo de Faria,3536604,paulo-fariense,MARIO DE FELICIO NETO,737.986,8973,11.63,98.5,0.725,10.75,40555.42368,33910.73375,24567.90,
Pederneiras,3536703,pederneirense,IVANA MARIA BERTOLINI CAMARINHA,727.482,47523,56.92,98.3,0.739,3.98,131255.01306,117798.19984,43937.88,
Pedra Bela,3536802,pedra-belense,ALVARO JESIEL DE LIMA,158.587,6127,36.45,95.8,0.677,-,19836.18553,18808.2233,15192.31,
Pedran&oacute;polis,3536901,pedranopolense,MARCOS ADRIANO DA SILVA,260.101,2468,9.83,100,0.742,-,21166.27033,15805.77599,25215.85,
Pedregulho,3537008,pedregulhense,DIRCEU POLO FILHO,712.604,16876,22.03,98.4,0.715,5.26,52048.67802,44310.0593,63190.13,
Pedreira,3537107,pedreirense,F&Aacute;BIO VINICIUS POLIDORO,108.817,48992,382.70,98.1,0.769,13.7,137402.6991,124707.24961,26382.27,
Pedrinhas Paulista,3537156,pedrinhense,FREDDIE COSTA NICOLAU,152.309,3109,19.28,97.3,0.774,-,19656.97603,16963.78292,42284.71,
Pedro de Toledo,3537206,toledense,ELEAZAR MUNIZ JUNIOR,670.440,11507,15.22,99.3,0.696,9.62,34703.98334,32345.07501,13474.72,
Pen&aacute;polis,3537305,penapolitano,CARLOS HENRIQUE ROSSI CATALANI,711.315,64098,82.31,98.7,0.759,6.94,176756.03602,162096.10449,25467.09,
Pereira Barreto,3537404,pereira-barretense,JO&Atilde;O DE ALTAYR DOMINGUES,974.247,25685,25.50,98.1,0.766,20.58,95814.24479,82713.09802,29881.28,
Pereiras,3537503,pereirense,MIGUEL TOMAZELA,223.136,8875,33.38,96.8,0.736,21.74,27053.68325,23475.77323,22807.86,
Peru&iacute;be,3537602,peruibense,LUIZ MAURICIO PASSOS DE CARVALHO PEREIRA,326.216,69697,184.40,98.6,0.749,7.39,247307.03255,224949.07246,24403.90,
Piacatu,3537701,piacatuense,EUCLASIO GARRUTTI,232.488,6093,22.75,97.5,0.732,-,21984.23647,19236.73174,16033.77,
Piedade,3537800,piedadense,GERALDO PINTO DE CAMARGO FILHO,746.868,55731,69.82,95.6,0.716,9.06,122533.49585,111859.32081,23365.29,
Pilar do Sul,3537909,pilarense,MARCO AUR&Eacute;LIO SOARES,681.248,29612,38.77,93.8,0.690,-,73533.53137,65266.58378,25490.29,
Pindamonhangaba,3538006,pindamonhangabense,ISAEL DOMINGUES,731.355,171885,201.39,98.2,0.773,10.71,437265.7743,398565.0337,50325.32,
Pindorama,3538105,pindoramense,GERALDO FELIPPE JUNIOR,184.825,17378,81.37,97.5,0.737,20.55,46751.49637,41310.01861,21823.83,
Pinhalzinho,3538204,pinhalzinhense,BENEDITO LAURO DE LIMA,154.529,15564,84.81,97.8,0.725,5.92,37961.40892,33754.81331,18195.86,
Piquerobi,3538303,piquerobiense,ADRIANA CRIVELLI BIFFE,482.769,3706,7.33,99.4,0.711,-,19036.92464,15693.45974,15113.75,
Piquete,3538501,piquetense,R&Ocirc;MULO KAZIMIERZ LUSZCZYNSKI,175.996,13495,80.16,98.8,0.757,7.81,29722.3304,25437.65315,12125.52,
Piracaia,3538600,piracaiense,JOS&Eacute; SILVINO CINTRA,385.568,27617,65.15,98,0.739,3.16,81669.70253,70592.98437,19797.36,
Piracicaba,3538709,piracicabano,LUCIANO SANTOS TAVARES DE ALMEIDA,1378.069,410275,264.47,97.5,0.785,9.17,1618677.27203,1529177.60687,68843.70,
Piraju,3538808,pirajuense,JOS&Eacute; MARIA COSTA,504.591,29930,56.44,98.3,0.758,13.89,88014.55865,80339.40458,26133.10,
Piraju&iacute;,3538907,pirajuiense,CESAR HENRIQUE DA CUNHA FIALA,823.758,25939,27.55,97.3,0.749,14.15,64791.56603,55508.57773,18787.88,
Pirangi,3539004,piranginense,ANGELA MARIA BUSNARDO,215.809,11524,49.30,97.8,0.756,-,35355.15179,29584.45405,23697.82,
Pirapora do Bom Jesus,3539103,piraporense,DANY WILIAN FLORESTI,108.489,19453,144.98,97.5,0.727,16.48,58017.85572,53875.6971,25816.09,
Pirapozinho,3539202,pirapozense,VALDIR ASSEF,477.673,27974,51.66,98.8,0.776,15.21,73783.01617,66258.08534,26409.04,
Pirassununga,3539301,pirassununguense,MILTON DIMAS TADEU URBAN,727.118,77330,96.38,98.2,0.801,4.87,222456.69896,213997.23691,37571.24,
Piratininga,3539400,piratiningano,JORGE LUIS DIAS,402.409,13890,30.00,98.4,0.779,-,45924.28939,36606.63632,17487.52,
Pitangueiras,3539509,pitangueirense,MARCOS AUR&Eacute;LIO SORIANO,430.638,40430,81.99,99,0.723,11.79,118854.89297,103477.89997,28086.03,
Planalto,3539608,planaltense,OLIMPIO SEVERINO DA SILVA,289.825,5370,15.38,99.2,0.719,-,26937.60005,22545.37217,25801.10,
Platina,3539707,platinense,WAGNER ROBERTO DE LIMA,327.480,3606,9.77,98.5,0.719,25,18777.85413,16151.93922,25599.98,
Po&aacute;,3539806,poaense,MARCIA TEIXEIRA BIN DE SOUZA,17.264,119221,6141.05,97.6,0.771,13.17,446332.87975,394505.8237,38131.30,
Poloni,3539905,poloniense,WALDENOR MONTANARI JUNIOR,135.120,6166,40.40,99.5,0.766,14.71,2550.94264,1941.40428,19752.31,
Pomp&eacute;ia,3540002,pompeiano,ISABEL CRISTINA ESCORCE JANU&Aacute;RIO,784.674,22326,25.46,98.6,0.786,-,87731.5226,73945.40026,58161.89,
Ponga&iacute;,3540101,pongaiense,GILHIARD HENRIQUE DE BORTOLI,183.399,3385,18.99,97.4,0.755,-,17231.881,15468.44883,21514.53,
Pontal,3540200,pontalense,JOSE CARLOS NEVES SILVA,356.371,51717,112.94,94.5,0.725,11.41,91779.76343,91504.81147,18213.93,
Pontalinda,3540259,pantalindense,SISINIO DE OLIVEIRA LEAO,209.525,4719,19.38,98.3,0.702,-,20419.78372,18652.77949,16766.27,
Pontes Gestal,3540309,pontes-gestalense,ESMERALDO CRISTIANO CAROLINO,217.505,2576,11.58,97.8,0.732,-,25833.2794,22417.52102,30832.13,
Populina,3540408,populinense,ADAUTO SEVERO PINTO,315.938,4136,13.37,99.6,0.714,24.39,23913.86681,21750.22199,23389.52,
Porangaba,3540507,porangabense,JO&Atilde;O CARLOS ALVES BARROS,265.689,10205,31.34,94.7,0.703,22.73,26940.34188,24038.70298,19055.11,
Porto Feliz,3540606,porto-felicense,ANTONIO C&Aacute;SSIO HABICE PRADO,556.706,53698,87.83,98.2,0.758,8.81,237880.26644,207343.70731,56431.41,
Porto Ferreira,3540705,ferreirense,R&Ocirc;MULO LUIS DE LIMA RIPA,244.906,56848,209.88,98.1,0.751,20.75,184540.6666,158623.32425,38251.13,
Potim,3540754,potinense,ERICA SOLER SANTOS DE OLIVEIRA,44.643,25603,436.20,99.3,0.697,11.49,44646.05728,40499.58409,9547.78,
Potirendaba,3540804,potirendabano,GISLAINE MONTANARI FRANZOTTI,342.492,17668,45.12,98,0.747,18.87,62696.58066,56524.12938,26416.74,
Pracinha,3540853,pracinhense,MAURILEI APARECIDO DIAS DA SILVA,63.054,4327,45.48,100,0.696,66.67,12402.08938,10838.80943,8026.41,
Prad&oacute;polis,3540903,pradopolense,SILVIO MARTINS,167.378,22239,103.82,96.3,0.733,25.64,70105.62358,57915.05729,29431.31,
Praia Grande,3541000,praia-grandense,RAQUEL AUXILIADORA CHINI,149.652,336454,1781.87,96.9,0.754,10.52,1416820.99938,1282662.66264,23432.68,
Prat&acirc;nia,3541059,pratino,DAVI PIRES BATISTA,175.100,5371,26.26,97.7,0.701,13.16,20636.81564,18425.79704,22071.44,
Presidente Alves,3541109,alvense,CRISTIANO DOS SANTOS,286.642,4067,14.36,98.9,0.735,22.22,16403.63642,13997.72865,18226.94,
Presidente Bernardes,3541208,bernardense,REGINALDO LUIZ ERNESTO CARDILO,749.233,12943,18.12,98.5,0.757,18.18,44621.55147,39355.06732,23985.33,
Presidente Epit&aacute;cio,3541307,epitaciano,CASSIA REGINA ZAFFANI FURLAN,1260.281,44572,32.79,98.8,0.750,15.49,100762.90249,87479.82225,19248.59,
Presidente Prudente,3541406,prudentino,EDSON TOMAZINI,560.637,231953,368.89,97.8,0.806,9.37,683206.23001,646552.34024,36663.15,
Presidente Venceslau,3541505,venceslauense,BARBARA MEDEIROS VILCHES,755.203,39648,50.10,98.6,0.763,8.24,126626.58684,117611.84149,19371.74,
Promiss&atilde;o,3541604,promissense,ARTUR MANOEL NOGUEIRA FRANCO,779.200,41211,45.78,96.7,0.743,7.59,115005.84254,96701.77294,33103.62,
Quadra,3541653,quadrense,LHEONIDES DE OLIVEIRA ANDRADE,205.672,3902,15.73,98.3,0.678,-,20917.41061,18426.21274,29658.00,
Quat&aacute;,3541703,quataense,MARCELO DE SOUZA PECCHIO,651.341,14309,19.68,98.7,0.738,25.81,49974.77317,44181.77808,34746.94,
Queiroz,3541802,queirozense,WALTER RODRIGO DA SILVA,234.914,3513,12.01,98.1,0.715,-,22185.9865,19082.98897,245702.59,
Queluz,3541901,queluzense,LAURINDO JOAQUIM DA SILVA GARCEZ,249.399,13788,45.27,98,0.722,-,38623.04826,33674.43423,25216.99,
Quintana,3542008,quintanense,FERNANDO BRANCO NUNES,318.937,6736,18.79,98.1,0.732,-,25965.38474,22321.00397,24182.01,
Rafard,3542107,rafardense,F&Aacute;BIO DOS SANTOS,121.645,9126,70.80,98.3,0.745,-,40615.26321,34699.74755,35942.47,
Rancharia,3542206,ranchariense,MARCOS SLOBODTICOV,1587.498,29743,18.14,97.5,0.751,19.13,97943.57859,85198.20751,31394.55,
Reden&ccedil;&atilde;o da Serra,3542305,rendencense,JUCIMAR FERREIRA DA SILVA,309.441,3827,12.52,95.2,0.657,22.22,17915.64921,15779.90827,14369.47,
Regente Feij&oacute;,3542404,regentense,ANDR&Eacute; MARCELO ZUQUERATO DOS SANTOS,263.280,20523,69.77,98.8,0.768,4.72,62778.31766,57647.13876,36408.77,
Regin&oacute;polis,3542503,reginopolitano,CAROLINA ARA&Uacute;JO DE SOUSA VER&Iacute;SSIMO,410.406,10047,17.83,98.8,0.728,18.18,26825.04292,21589.24047,15232.31,
Registro,3542602,registrense,NILTON JOSE HIROTA DA SILVA,722.201,56463,75.11,97.3,0.754,14.47,183948.63276,163562.12876,37160.21,
Restinga,3542701,restinguense,KARLA MONTAGNINI FERRACIOLI,245.746,7762,26.80,98.6,0.705,16.95,27764.77117,24473.16489,23329.23,
Ribeira,3542800,ribeirense,ARI DO CARMO SANTOS,335.759,3320,10.00,97,0.698,-,17956.11432,15014.25486,14789.55,
Ribeir&atilde;o Bonito,3542909,ribeir&atilde;o-bonitense,ANTONIO CARLOS CAREGARO,471.553,13376,25.73,98.7,0.712,7.63,37513.44987,33540.51695,22659.97,
Ribeir&atilde;o Branco,3543006,ribeir&atilde;o-branquense,MAURO JOSE TEIXEIRA,697.500,15984,26.19,97.5,0.639,6.94,46317.57908,38963.85758,17998.12,
Ribeir&atilde;o Corrente,3543105,ribeir&atilde;o-correntense,ANA LOURINETE COSTA LOBO MONTANHER,148.332,4786,28.81,100,0.711,16.39,21819.42408,19577.53411,30744.46,
Ribeir&atilde;o do Sul,3543204,ribeir&atilde;o-sulense,SALMA APARECIDA MEROTO BEFFA,203.208,4537,21.83,99,0.747,17.54,21555.29534,18929.58248,34783.80,
Ribeir&atilde;o dos &Iacute;ndios,3543238,ribeirindio,JOSE AMAURI LENZONI,196.446,2222,11.14,98.6,0.721,-,16031.01851,12544.09571,17490.35,
Ribeir&atilde;o Grande,3543253,ribeir&atilde;o grandense,MARCELO LUIS NUNES,333.363,7686,22.26,96.8,0.705,-,30160.19922,24670.96158,25305.68,
Ribeir&atilde;o Pires,3543303,ribeir&atilde;o-pirense,CLOVIS VOLPI,98.972,125238,1140.73,97.4,0.784,8.72,295223.17612,273711.16042,25497.11,
Ribeir&atilde;o Preto,3543402,ribeir&atilde;o-pretano,ANTONIO DUARTE NOGUEIRA JUNIOR,650.916,720116,928.92,96.9,0.800,7.12,2888565.2922,2497642.50729,50270.98,
Riversul,3543501,riversulense,JOSE GUILHERME GOMES,385.878,5364,15.96,95.9,0.664,13.16,18672.10,18032.81346,12199.31,
Rifaina,3543600,rifainense,HUGO CESAR LOUREN&Ccedil;O,162.508,3651,21.14,99.2,0.740,20,33617.0077,27802.57514,33132.39,
Rinc&atilde;o,3543709,rinconense,BRAZ RODRIGUES,316.639,10824,32.96,98.2,0.734,8.85,31872.72117,29170.87756,17835.56,
Rin&oacute;polis,3543808,rinopolense,JOSE FERREIRA DE OLIVEIRA NETO,358.481,9940,27.73,98.6,0.723,29.7,29172.65856,25769.17976,30509.76,
Rio Claro,3543907,rio-clarense,JOAO TEIXEIRA JUNIOR,498.422,209548,373.69,98.2,0.803,11.16,803525.41222,732412.03469,50923.39,
Rio das Pedras,3544004,rio-pedrense,MARCOS BUZETTO,226.657,36233,130.16,98.4,0.759,23.26,102407.19133,94627.13742,37034.87,
Rio Grande da Serra,3544103,riogranserrense ou  serrano ou riogransense,CLAUDIO MANOEL MELO,36.341,52009,1210.04,98.2,0.749,7.53,88976.07302,72897.05085,14179.63,
Riol&acirc;ndia,3544202,riolandense,ANTONIO CARLOS SANTANA DA SILVA,631.897,12856,16.70,96.7,0.703,7.94,38925.72303,34885.75768,17578.56,
Rosana,3544251,rosanense,SILVIO GABRIEL,744.011,15929,26.51,98.1,0.764,4.46,93680.95622,80955.72407,90579.56,
Roseira,3544301,roseirense,FERNANDO AUGUSTO DE SIQUEIRA,129.847,10888,73.47,98.7,0.737,16.26,33895.39412,30019.64446,27974.39,
Rubi&aacute;cea,3544400,rubiacense,JULIO CESAR FELISMINO,236.484,3195,11.52,99.5,0.721,-,16706.3947,13229.27953,20942.69,
Rubin&eacute;ia,3544509,rubineiense,OSVALDO LUGATO FILHO,242.877,3191,11.78,100,0.759,-,25539.42748,20094.32874,26793.59,
Sabino,3544608,sabinense,EDER RUIZ MAGALH&Atilde;ES DE ANDRADE,305.285,5638,16.78,97.2,0.728,-,24381.55714,21003.27135,18989.53,
Sagres,3544707,sagrense,ROBERTO BATISTA PIRES,147.935,2427,16.20,99.2,0.730,-,14008.8457,11507.6192,15978.73,
Sales,3544806,salense,JOSEMAR FRANCISCO DE ABREU,308.555,6481,17.67,100,0.751,-,32637.57083,27150.44214,22534.36,
Sales Oliveira,3544905,salense,F&Aacute;BIO GODOY GRATON,305.776,12103,34.58,98.8,0.772,7.87,44247.32066,36537.91764,308567.36,
Sales&oacute;polis,3545001,salesopolense,VANDERLON OLIVEIRA GOMES,424.997,17363,36.79,98.4,0.732,9.9,42345.10216,38244.98838,12324.76,
Salmour&atilde;o,3545100,salmourense,JOS&Eacute; LUIZ ROCHA PERES,172.934,5372,27.96,98.3,0.719,-,16370.61593,14503.4334,15147.76,
Saltinho,3545159,saltinhense,HELIO FRANZOL BERNARDINO,99.738,8498,70.78,96.8,0.791,35.71,28672.08886,24642.91731,29459.19,
Salto,3545209,saltense,LAERTE SONSIN J&Uacute;NIOR,133.057,120779,792.13,98.4,0.780,9.13,354244.64005,322255.9574,65208.06,
Salto de Pirapora,3545308,saltense,MATHEUS MARUM DE CAMPOS,280.412,46285,143.02,98.6,0.729,4.05,131729.43224,119093.116,41579.23,
Salto Grande,3545407,salto-grandense,MARIO LUCIANO ROSA,188.441,9396,46.64,96.5,0.704,8.77,29971.47426,26332.54072,23905.17,
Sandovalina,3545506,sandovalino ou sandovalinense,FRANCISCO MENDES DA SILVA,455.856,4405,8.13,98.2,0.709,-,32307.83146,25945.94712,84139.34,
Santa Ad&eacute;lia,3545605,santa-adeliense,GUILHERME COLOMBO DA SILVA,330.269,15639,43.32,100,0.760,6.85,45504.82836,41282.03322,21196.49,
Santa Albertina,3545704,santa-albertinense,GERSON FORMIGONI JUNIOR,272.692,6036,20.98,98.8,0.728,-,28804.62392,25666.63718,24815.06,
Santa B&aacute;rbara d'Oeste,3545803,barbarense,RAFAEL PIOVEZAN,271.030,195278,664.49,98.4,0.781,10.35,525487.17725,508262.75516,31941.02,
Santa Branca,3546009,santa-branquense,ADRIANO MARCHESANI LEVORIN,272.238,14925,50.56,98.8,0.735,6.85,46517.46241,43004.41533,17748.67,
Santa Clara d'Oeste,3546108,santa-clarense,JOSE BASILIO DE FARIA,183.458,2111,11.36,98.5,0.733,-,17757.40355,15312.84899,35845.78,
Santa Cruz da Concei&ccedil;&atilde;o,3546207,santa-cruzense,CARLOS EDUARDO ARANHA DE ALBUQUERQUE,150.130,4584,26.66,99.6,0.790,-,23274.35012,21752.71564,28946.51,
Santa Cruz da Esperan&ccedil;a,3546256,santacruzense,MARCOS ANTONIO BAZILIO,148.062,2166,13.19,86.2,0.743,-,15779.04758,14680.03002,25103.11,
Santa Cruz das Palmeiras,3546306,palmeirense,JOS&Eacute; CRECENTINO BUSSAGLIA,295.337,35102,101.35,97.3,0.728,5.71,79313.66173,75085.50382,15648.97,
Santa Cruz do Rio Pardo,3546405,santa-cruzense,DIEGO HENRIQUE SINGOLANI COSTA,1114.747,48207,39.44,96.3,0.762,14.85,156934.14578,140035.27044,41989.07,
Santa Ernestina,3546504,santa-ernestinense,MARCELO APARECIDO VERONEZI,134.421,5577,41.42,99.2,0.738,-,20029.97331,17142.22391,16901.05,
Santa F&eacute; do Sul,3546603,santa-f&eacute;-sulense,EVANDRO FARIAS MURA,206.537,32796,141.81,97.9,0.784,7.5,156348.19314,143270.66428,37103.98,
Santa Gertrudes,3546702,santa-gertrudense,LAZARO NOE DA SILVA,98.291,27850,220.10,98.3,0.737,6.25,105948.38071,95702.11402,74937.52,
Santa Isabel,3546801,isabelense,CARLOS AUGUSTO CHINCHILLA ALFONZO,363.332,58529,138.87,97.8,0.738,6.14,151362.75039,139020.52821,26367.17,
Santa L&uacute;cia,3546900,santa-luciense,LUIZ ANTONIO NOLI,153.860,8889,53.55,98.6,0.737,-,21826.35578,17968.46151,13222.20,
Santa Maria da Serra,3547007,serrense,JOSIAS ZANI NETO,252.621,6298,21.43,97.5,0.686,14.49,22804.66772,18588.87639,20632.38,
Santa Mercedes,3547106,mercedense,VALDIR VERONA,166.753,2947,16.96,98.8,0.739,-,15161.8698,13558.66328,18910.24,
Santana da Ponte Pensa,3547205,santanense-da-ponte-pensa,VAGNER HERNANDES,129.888,1448,12.60,100,0.773,142.86,13968.35312,11138.00382,23205.31,
Santana de Parna&iacute;ba,3547304,parnaibano,ANTONIO MARCOS BATISTA PEREIRA,179.949,145073,604.74,97.3,0.814,5.42,923581.45122,694322.6095,67531.85,
Santa Rita d'Oeste,3547403,santa-ritense,OSMAR SAMPAIO,209.800,2476,12.10,100,0.761,-,19386.20853,15557.07891,24971.23,
Santa Rita do Passa Quatro,3547502,santa-ritense,MARCELO SIM&Atilde;O,754.141,27641,35.11,97.8,0.775,16.81,80902.27423,79463.84533,24811.26,
Santa Rosa de Viterbo,3547601,santa-rosense,OMAR NAGIB MOUSSA,288.576,26960,82.69,97.9,0.770,9.48,68601.56295,61035.55143,25962.52,
Santa Salete,3547650,saletense,JEDER FABIANO SANTIAGO SOUZA,79.192,1558,18.23,100,0.772,-,14764.64508,12880.79665,21991.47,
Santo Anast&aacute;cio,3547700,anastaciano,JOS&Eacute; BONILHA SANCHES,552.876,20855,37.06,98.5,0.753,25.51,50984.43585,44063.92075,19539.26,
Santo Andr&eacute;,3547809,andreense,PAULO HENRIQUE PINTO SERRA,175.782,723889,3848.01,97.4,0.815,8.61,2493588.87628,2301852.31093,42209.54,
Santo Ant&ocirc;nio da Alegria,3547908,alegriense,RICARDO DA SILVA SOBRINHO,310.311,7024,20.32,97.5,0.702,12.05,25078.04394,22013.69989,22155.39,
Santo Ant&ocirc;nio de Posse,3548005,possense,JO&Atilde;O LEANDRO LOLLI,154.133,23742,134.09,97.3,0.702,11.03,99441.30049,76994.72169,50528.55,
Santo Ant&ocirc;nio do Aracangu&aacute;,3548054,aracanguaense,ROBERTO DON&Aacute;,1308.432,8541,5.83,98.9,0.757,26.32,46586.21956,41167.92738,24827.86,
Santo Ant&ocirc;nio do Jardim,3548104,jardinense,GILMAR DE OLIVEIRA PEZOTTI,109.956,5926,54.05,97,0.714,-,20805.41817,16226.15253,28733.24,
Santo Ant&ocirc;nio do Pinhal,3548203,pinhalense,ANDERSON JOS&Eacute; MENDON&Ccedil;A,133.008,6843,48.76,98.3,0.706,-,26086.65888,24843.80549,17552.11,
Santo Expedito,3548302,expeditense,ANDERSON JOS&Eacute; BETIO,94.465,3159,29.68,99.1,0.732,-,13758.90394,11678.4444,12549.53,
Sant&oacute;polis do Aguape&iacute;,3548401,santopolitano,HAROLDO ALVES PIO,128.026,4856,33.44,98.6,0.740,-,17610.05984,14498.99071,14223.41,
Santos,3548500,santista,PAULO ALEXANDRE PEREIRA BARBOSA,281.033,433991,1494.26,98.2,0.840,7.84,2639959.07834,2489780.313,52509.91,
S&atilde;o Bento do Sapuca&iacute;,3548609,sambentista,ANA CATARINA MARTINS BONASSI,252.579,10907,41.37,98.5,0.720,-,33856.89703,29643.38366,19642.34,
S&atilde;o Bernardo do Campo,3548708,s&atilde;o-bernardense,ORLANDO MORANDO JUNIOR,409.532,849874,1869.36,97.6,0.805,8.95,3962694.35675,3574828.53686,60871.06,
S&atilde;o Caetano do Sul,3548807,sul-caetanense,JOS&Eacute; AURICCHIO J&Uacute;NIOR,15.331,162763,9736.03,97.4,0.862,7.21,1332807.60882,1158170.91112,85062.97,
S&atilde;o Carlos,3548906,s&atilde;o-carlense,AIRTON GARCIA FERREIRA,1136.907,256915,195.15,97.9,0.805,8.01,788156.06987,719036.29493,46832.89,
S&atilde;o Francisco,3549003,s&atilde;o-francisquense,SEBASTI&Atilde;O DE OLIVEIRA BAPTISTA,75.579,2813,36.94,100,0.723,-,16083.89271,14377.34253,16179.20,
S&atilde;o Jo&atilde;o da Boa Vista,3549102,s&atilde;o-joanense,MARIA TERESINHA DE JESUS PEDROZA,516.399,92315,161.96,97.2,0.797,12.11,343289.08186,313947.32844,35866.22,
S&atilde;o Jo&atilde;o das Duas Pontes,3549201,s&atilde;o-joanense,JOSE CARLOS CEZARE,129.462,2555,19.84,99.4,0.720,-,16496.92245,13687.6726,17695.86,
S&atilde;o Jo&atilde;o de Iracema,3549250,iracemense,VALDIR CANDIDO RIBEIRO,178.396,1942,9.97,98.1,0.748,-,17549.35515,14818.82878,19737.70,
S&atilde;o Jo&atilde;o do Pau d'Alho,3549300,s&atilde;o-joanense,FERNANDO BARBERINO,117.665,2095,17.86,99.2,0.750,62.5,14784.83723,12264.72769,21929.12,
S&atilde;o Joaquim da Barra,3549409,joaquinense,WAGNER JOS&Eacute; SCHMIDT,410.863,52737,113.28,96.7,0.762,7.37,127850.56901,117250.73056,28047.40,
S&atilde;o Jos&eacute; da Bela Vista,3549508,bela-vistense,WALTER CASSIO CARVALHO FACCIROLLI,276.952,8991,30.35,97.9,0.693,-,26119.83908,24214.29063,19225.79,
S&atilde;o Jos&eacute; do Barreiro,3549607,barreirense,ALEXANDRE DE SIQUEIRA BRAGA,570.685,4141,7.14,95.5,0.684,46.51,20799.15331,17636.31202,12215.82,
S&atilde;o Jos&eacute; do Rio Pardo,3549706,rio-pardense,MARCIO CALLEGARI ZANETTI,419.684,55298,123.81,97.6,0.774,15.46,179275.76725,162631.64764,35488.22,
S&atilde;o Jos&eacute; do Rio Preto,3549805,rio-pretense,EDSON EDINHO COELHO ARA&Uacute;JO,431.944,469173,945.12,98,0.797,8.31,1635000.40112,1485089.01712,40759.29,
S&atilde;o Jos&eacute; dos Campos,3549904,joseense,FELICIO RAMUTH,1099.409,737310,572.96,97.4,0.807,9.44,2855786.77665,2439456.95088,60194.93,
S&atilde;o Louren&ccedil;o da Serra,3549953,s&atilde;o-lourensano,ARY ANTONIO DESPEZZIO CINTRA,186.456,16127,74.99,97.2,0.728,5.13,40826.834,37170.15235,16158.58,
S&atilde;o Luiz do Paraitinga,3550001,luizense,ANA LUCIA BILARD SICHERLE,617.315,10693,16.84,100,0.697,-,35566.58113,32330.16485,15911.03,
S&atilde;o Manuel,3550100,s&atilde;o-manuelense,RICARDO SALARO NETO,650.734,41287,58.92,97.3,0.744,10.16,130714.72011,114240.6622,26106.86,
S&atilde;o Miguel Arcanjo,3550209,s&atilde;o-miguelense,PAULO RICARDO DA SILVA,930.339,33071,33.80,95.9,0.710,14.01,80296.68934,73105.70149,23793.90,
S&atilde;o Paulo,3550308,paulistano,RICARDO LUIS REIS NUNES,1521.202,12396372,7398.26,96,0.805,10.23,54010996.75963,51414029.07708,62341.21,
S&atilde;o Pedro,3550407,s&atilde;o-pedrense,THIAGO SILVERIO DA SILVA,611.278,36298,51.98,94.8,0.755,5.06,137416.58565,108858.13408,22416.24,
S&atilde;o Pedro do Turvo,3550506,s&atilde;o-pedrense,MARCO AURELIO OLIVEIRA PINHEIRO,731.221,7724,9.84,97.4,0.703,-,29831.91661,25893.61321,22233.55,
S&atilde;o Roque,3550605,s&atilde;o-roquense,MARCOS AUGUSTO ISSA HENRIQUES DE ARAUJO,306.908,93076,256.82,97.6,0.768,6.21,269798.97123,238471.89096,34699.10,
S&atilde;o Sebasti&atilde;o,3550704,sebastianense,FELIPE AUGUSTO,402.395,91637,185.00,98.2,0.772,15.28,683723.61133,641593.19352,40181.39,
S&atilde;o Sebasti&atilde;o da Grama,3550803,gramense,JOSE FRANCISCO MARTHA,252.410,12137,47.94,98.3,0.701,13.16,33598.02654,30368.08808,24086.11,
S&atilde;o Sim&atilde;o,3550902,simonense,MARCOS DANIEL BONAGAMBA,617.252,15446,23.24,99.8,0.766,31.25,54307.19042,48866.35085,30305.11,
S&atilde;o Vicente,3551009,vicentino,KAYO FELYPE NACHTAJLER AMADO,148.151,370839,2247.88,96.7,0.768,12.5,957785.42282,895721.04015,15164.69,
Sarapu&iacute;,3551108,sarapuiano,GUSTAVO DE SOUZA BARROS VIEIRA,352.592,10493,25.60,99,0.707,8.93,28419.51452,26393.32905,15472.98,
Sarutai&aacute;,3551207,sarutaiano,ISNAR FRESCHI SOARES,141.608,3623,25.58,98.7,0.688,-,15520.29483,13116.47751,18239.99,
Sebastian&oacute;polis do Sul,3551306,sebastianopolense,MANOEL ERANI LEITE MAGALHAES,167.848,3595,18.03,99,0.773,-,24045.80127,18813.18047,68468.34,
Serra Azul,3551405,serra-azulense,AUGUSTO FRASSETTO NETO,283.144,15292,39.75,96.9,0.686,34.78,30237.27602,26323.56501,11829.76,
Serrana,3551504,serranense,LEONARDO CARESSATO CAPITELI,126.046,46166,308.44,97.5,0.729,14.04,124393.86169,124130.69363,22354.28,
Serra Negra,3551603,serrano ou serra-negrense,ELMIR KALIL ABI CHEDID,203.734,29669,129.52,97.8,0.767,17.12,102223.79222,93091.80207,25415.51,
Sert&atilde;ozinho,3551702,sertanezino,WILSON FERNANDES PIRES FILHO,403.089,128432,273.22,98.5,0.761,8.95,519898.95916,436472.44101,43146.20,
Sete Barras,3551801,barrense,DEAN ALVES MARTINS,1062.699,12731,12.24,96.1,0.673,15.23,40085.21132,36698.15678,25297.39,
Sever&iacute;nia,3551900,severinense,GL&Aacute;UCIA EMILIA SCATOLIN,140.460,17820,110.38,96,0.715,37.43,56762.33992,53372.90145,13747.22,
Silveiras,3552007,silveirense,GUILHERME CARVALHO DA SILVA,414.782,6375,13.96,98.2,0.678,-,24259.16692,21420.88003,12078.41,
Socorro,3552106,socorrense,JOSU&Eacute; RICARDO LOPES,449.029,41690,81.70,97.7,0.729,12.66,103733.51939,94753.96146,21849.12,
Sorocaba,3552205,sorocabano,RODRIGO MAGANHATO,449.872,695328,1304.18,98.1,0.798,8.48,2904617.70346,2411150.68528,54878.75,
Sud Mennucci,3552304,sud-mennucciano,JOS&Eacute; URBINO DOS SANTOS NETO,594.744,7738,12.57,98.3,0.747,19.8,36969.41725,34834.06856,23101.64,
Sumar&eacute;,3552403,sumareense,LUIZ ALFREDO CASTRO RUZZA DALBEN,153.465,289875,1572.04,97.7,0.762,9.94,697378.01979,594154.62105,52557.85,
Suzano,3552502,suzanense,RODRIGO KENJI DE SOUZA ASHIUCHI,206.236,303397,1272.93,96.7,0.765,10.52,754545.29123,600568.75131,40453.09,
Suzan&aacute;polis,3552551,suzanapolense,JOSE LUIZ GAVA,330.587,4063,10.24,99.8,0.699,-,27632.55855,23024.92817,40748.42,
Tabapu&atilde;,3552601,tabapu&atilde;nense,SILVIO CESAR SARTORELLO,345.792,12561,32.88,98.4,0.735,10.1,38949.30441,34205.20659,20075.44,
Tabatinga,3552700,tabatinguense,EDUARDO PONQUIO MARTINEZ,368.604,16787,39.74,96.5,0.704,16.22,42725.24708,36007.23217,15222.13,
Tabo&atilde;o da Serra,3552809,taboense,JOSE APRIGIO DA SILVA,20.388,297528,11994.31,96.9,0.769,10.76,799203.32595,687609.38547,30423.33,
Taciba,3552908,tacibense,ALAIR ANTONIO BATISTA,607.267,6371,9.41,99.3,0.723,15.38,40441.753,34172.34895,25464.70,
Tagua&iacute;,3553005,tagua&iacute;no,JAIR CARIOVALDO CARNIATO,145.332,14415,74.51,97.3,0.709,4.93,34774.55964,31443.80012,18991.64,
Taia&ccedil;u,3553104,taia&ccedil;uense,MAURICIO LOFRANO GERALDO,107.059,6346,55.27,97.8,0.710,-,23201.97518,18520.71058,14875.81,
Tai&uacute;va,3553203,taiuvense,LEANDRO JOS&Eacute; JESUS BAPTISTA,132.459,5562,41.12,97.8,0.760,16.67,20841.96812,19114.40334,19959.40,
Tamba&uacute;,3553302,tambauense,LEONARDO TEIXEIRA SPIGA REAL,561.788,23255,39.88,97.7,0.731,8.16,84782.78536,70033.54986,24622.10,
Tanabi,3553401,tanabiense,NORAIR CASSIANO DA SILVEIRA,747.218,26231,32.25,99,0.748,10.17,77937.68822,64887.93619,36753.82,
Tapira&iacute;,3553500,tapiraiense,ARALDO TODESCO,755.100,7725,10.61,98.3,0.681,37.74,29032.22377,22549.15523,18965.41,
Tapiratiba,3553609,tapiratibense,RAMON JESUS VIEIRA,221.891,12940,57.23,98.2,0.751,8.06,46243.60329,36382.66474,20062.80,
Taquaral,3553658,taquaralense,PAULO SERGIO CARDOSO DE OLIVEIRA,53.892,2815,50.58,98.2,0.759,-,15229.67138,13325.40252,13720.59,
Taquaritinga,3553708,taquaritinguense,VANDERLEI JOS&Eacute; M&Aacute;RSICO,594.335,57547,90.95,98.2,0.748,12.52,195729.86329,172500.13688,26675.19,
Taquarituba,3553807,taquaritubense,EDER MIANO PEREIRA,448.515,23292,49.71,97.8,0.701,16.84,79379.34748,67145.29949,35061.88,
Taquariva&iacute;,3553856,taquarivaiense,RUBENS CARLOS SOUTO DE BARROS,231.792,5968,22.22,99.4,0.679,-,24023.00551,21773.57811,39001.74,
Tarabai,3553906,taraba&iacute;no,JOSE ROQUE  DA SILVA LIRA,201.385,7609,32.78,99.2,0.726,23.81,22139.79281,21005.02729,15665.38,
Tarum&atilde;,3553955,tarumaense,OSCAR GOZZI,302.913,15361,42.50,99,0.753,10.93,68265.10796,52735.48111,39485.53,
Tatu&iacute;,3554003,tatuiano,MIGUEL LOPES CARDOSO J&Uacute;NIOR,523.749,124134,205.03,97.6,0.752,13.63,335219.54724,294013.76822,34164.15,
Taubat&eacute;,3554102,taubateano,JOSE ANTONIO SAUD JUNIOR,625.003,320820,445.98,98.1,0.800,9.54,1150010.20818,1088507.18946,58290.80,
Tejup&aacute;,3554201,tejupaense,VALTER BORANELLI,296.189,4452,16.23,98.4,0.668,-,20384.66136,17024.99747,19992.61,
Teodoro Sampaio,3554300,teodorense,JANDIRA SAMPAIO CAVICHINI GUTIERREZ,1555.803,23395,13.74,97.1,0.741,3.34,73860.55533,65841.12864,21690.24,
Terra Roxa,3554409,terra-roxense,WALDYR M&Ocirc;NACO FILHO,221.541,9502,38.39,98.9,0.749,12.99,28597.7748,23725.92671,14803.11,
Tiet&ecirc;,3554508,tieteense,VLAMIR DE JESUS SANDEI,404.396,42946,91.09,97.1,0.778,14.12,146954.39967,133824.02054,43988.31,
Timburi,3554607,timburiense,SILVIO CESAR SAVOGIN POLO,196.790,2647,13.45,99.7,0.710,-,17816.13234,15640.12207,18678.26,
Torre de Pedra,3554656,torrepedrense,CIRO LUIZ PEDROSO,71.348,2432,31.59,98.4,0.714,-,13407.93487,11846.5287,12891.91,
Torrinha,3554706,torrinhense,RENE JOSE BLUMER,315.267,10100,29.59,96.4,0.744,-,27051.47801,22023.8828,20794.75,
Trabiju,3554755,trabijuense,MAURILIO TAVONI JUNIOR,63.421,1752,24.35,98.4,0.722,-,13199.32883,10945.36461,21090.70,
Trememb&eacute;,3554805,tremembeense,CLEMENTE ANTONIO DE LIMA NETO,191.094,48228,214.17,97.8,0.785,10.29,115438.78802,113714.91882,15575.15,
Tr&ecirc;s Fronteiras,3554904,trifonteirano,RUBENS JOSE BEL&Atilde;O,151.594,5856,35.90,98.8,0.753,11.9,20281.16732,17199.62123,18055.42,
Tuiuti,3554953,tuiutiense,ANDERSON SANTOS CORREIA,126.731,7058,46.80,97.3,0.728,-,21049.98575,18149.40958,20674.24,
Tup&atilde;,3555000,tup&atilde;ense,CAIO KANJI PARDO AOQUI,627.986,65615,100.99,97.3,0.771,10.95,158108.32831,145306.54681,29449.71,
Tupi Paulista,3555109,tupiense,ALEXANDRE TASSONI ANTONIO,244.770,15670,58.16,99.4,0.769,-,45866.82798,38950.97427,20163.93,
Turi&uacute;ba,3555208,turiubano,RUBENS FERNANDO DE SOUZA,153.235,2024,12.60,100,0.751,-,17138.43291,15593.11808,19494.84,
Turmalina,3555307,turmalinense,ALEXANDRO RIBEIRO PEREIRA,147.797,1667,13.37,97.1,0.736,-,16654.98595,14567.55513,34229.02,
Ubarana,3555356,ubaranense,GOMIDES FERRAZ NETO,209.861,6488,25.23,99.7,0.700,23.26,27007.48148,24170.93582,47473.26,
Ubatuba,3555406,ubatubano,FLAVIA C&Ocirc;MITTE DO NASCIMENTO,708.105,92819,108.87,97.7,0.751,7.45,315083.35965,298156.69047,26241.36,
Ubirajara,3555505,ubirajarense,ADRIANA BOCARDI ALLEGRETTI,282.179,4828,15.68,98.9,0.727,-,20437.85761,16562.92581,19225.76,
Uchoa,3555604,uchoense,VALDEMIR ANTONIO PINHEIRO DE CARVALHO,252.434,10191,37.51,98.2,0.721,9.43,41443.11356,36901.01191,23905.87,
Uni&atilde;o Paulista,3555703,uni&atilde;o-paulistense,KENDREA ALVES PAPILE CAVAT&Atilde;O,79.056,1886,20.21,96.8,0.749,-,14795.32857,12195.37474,24311.01,
Ur&acirc;nia,3555802,uraniense,MARCIO ARJOL DOMINGUES,209.262,9125,42.29,100,0.746,-,25938.31201,22282.44791,25440.67,
Uru,3555901,uruense,ROBSON EDUARDO FORTE,146.901,1142,8.51,95.1,0.712,-,15080.53182,12808.9538,31465.46,
Urup&ecirc;s,3556008,urupeense,ALCEMIR C&Aacute;SSIO GR&Eacute;GGIO,323.916,13965,39.27,99.1,0.745,7.87,42321.88297,38027.05381,29568.06,
Valentim Gentil,3556107,valentim-gentilense,ADILSON JESUS PEREZ SEGURA,149.741,13732,73.72,98.8,0.735,5.75,41491.25856,33597.52379,24873.67,
Valinhos,3556206,valinhense,LUCIMARA GODOY VILAS BOAS,148.538,133169,718.70,97.2,0.819,4.77,551223.33114,465006.77039,50785.35,
Valpara&iacute;so,3556305,valparaisense,CARLOS ALEXANDRE PEREIRA,857.661,27154,26.33,98,0.725,13.89,81981.0777,76313.53161,31420.79,
Vargem,3556354,vargense,SILAS MARQUES DA ROSA,142.595,10842,61.71,98.1,0.699,-,23552.12652,21271.49876,12552.31,
Vargem Grande do Sul,3556404,vargem-grandense,AMARILDO DUZI MORAES,267.178,43368,146.94,98.8,0.737,16.16,106003.73403,99271.63142,23134.13,
Vargem Grande Paulista,3556453,vargem-grandense,JOSUE SILVEIRA RAMOS,42.489,54315,1012.10,97.2,0.770,4.48,161893.61096,140518.41277,41345.61,
V&aacute;rzea Paulista,3556503,varzino,RODOLFO WILSON RODRIGUES BRAGA,35.120,124269,3049.14,96.9,0.759,9.01,278885.58835,235746.21113,23860.40,
Vera Cruz,3556602,vera-cruzense,RODOLFO SILVA DAVOLI,247.716,10804,43.41,99,0.754,17.86,29102.65535,25985.75064,16262.40,
Vinhedo,3556701,vinhedense,DARIO PACHECO DE MORAIS,80.950,81516,779.51,97.5,0.817,4.56,468512.38042,418356.27866,122747.30,
Viradouro,3556800,viradourense,ANTONIO CARLOS RIBEIRO DE SOUZA,217.726,19133,79.44,98.4,0.739,4.72,59293.68816,51606.34254,18168.08,
Vista Alegre do Alto,3556909,vista-alegrense,LUIS ANTONIO FIORANI,95.429,9163,72.50,100,0.744,-,37513.17079,31374.57874,30427.55,
Vit&oacute;ria Brasil,3556958,vitoriabrasiliense,PAULO HENRIQUE MIOTTO,49.832,1852,34.95,98.5,0.725,-,13498.08908,11197.87992,19656.29,
Votorantim,3557006,votorantinense,FABIOLA ALVES DA SILVA PEDRICO,184.186,124468,591.04,97.8,0.767,11.82,366924.73451,345414.68654,27816.38,
Votuporanga,3557105,votuporanguense,JORGE AUGUSTO SEBA,420.703,96106,201.15,98.8,0.790,6.51,303453.50469,272054.23556,31236.51,
Zacarias,3557154,zacariense,HEDER JEAN BRUNO DE OLIVEIRA,319.056,2784,7.32,98.6,0.729,-,24744.74691,18714.16876,33303.78,
Chavantes,3557204,chavantense,MARCIO BURGUINHA DE JESUS DO REGO,188.727,12418,64.40,98.6,0.729,7.41,38538.01922,34343.23006,17161.02,
Estiva Gerbi,3557303,estivense,CLAUDIA BOTELHO DE OLIVEIRA DIEGUES,74.144,11507,135.35,98.6,0.740,15.63,40727.84327,35422.87636,28196.30,

<table class="fontes-container"><tr><th>Notas:</th></tr><tr><td>Escolariza&ccedil;&atilde;o <span>6 a 14 anos</span>: [populao residente no municpio de 6 a 14 anos de idade matriculada no ensino regular/total de populao residente no municpio de 6 a 14 anos de idade] x 100</td></tr><tr><td>Populao estimada: Para 'dvidas e contestaes' acesse https://www.ibge.gov.br/estatisticas/sociais/populacao/9103-estimativas-de-populacao.html?=&t=o-que-e</td></tr><tr><th>Fontes:</th></tr><tr><td>rea Territorial: rea territorial brasileira 2020. Rio de Janeiro: IBGE, 2021</td></tr><tr><td>Populao estimada: IBGE, Diretoria de Pesquisas, Coordenao de Populao e Indicadores Sociais, Estimativas da populao residente com data de referncia 1o de julho de 2020</td></tr><tr><td>Densidade demogr&aacute;fica: IBGE, Censo Demogrfico 2010, rea territorial brasileira. Rio de Janeiro: IBGE, 2011</td></tr><tr><td>Escolariza&ccedil;&atilde;o <span>6 a 14 anos</span>: IBGE, Censo Demogrfico 2010</td></tr><tr><td>IDHM <span>&Iacute;ndice de desenvolvimento humano municipal</span>: Programa das Naes Unidas para o Desenvolvimento - PNUD</td></tr><tr><td>Mortalidade infantil: Ministrio da Sade, Departamento de Informtica do Sistema nico de Sade - DATASUS 2017</td></tr><tr><td>Receitas realizadas: Contas anuais. Receitas oramentrias realizadas (Anexo I-C) 2017 e Despesas oramentrias empenhadas (Anexo I-D) 2017. In: Brasil. Secretaria do Tesouro Nacional, Siconfi: Sistema de Informaes Contbeis e Fiscais do Setor Pblico Brasileiro. Braslia, DF, [2018]. Disponvel em: https://siconfi.tesouro.gov.br/siconfi/pages/public/consulta_finbra/finbra_list.jsf. Acesso em: set. 2018</td></tr><tr><td>Despesas empenhadas: Contas anuais. Receitas oramentrias realizadas (Anexo I-C) 2017 e Despesas oramentrias empenhadas (Anexo I-D) 2017. In: Brasil. Secretaria do Tesouro Nacional, Siconfi: Sistema de Informaes Contbeis e Fiscais do Setor Pblico Brasileiro. Braslia, DF, [2018]. Disponvel em: https://siconfi.tesouro.gov.br/siconfi/pages/public/consulta_finbra/finbra_list.jsf. Acesso em: set. 2018</td></tr><tr><td>PIB per capita: IBGE, em parceria com os rgos Estaduais de Estatstica, Secretarias Estaduais de Governo e Superintendncia da Zona Franca de Manaus - SUFRAMA</td></tr></table>